Orostara,Type,Notes,Nouns,Verbs,Adjectives,Adverbs,Other,Category,CatRel,CatOrder,RootLanguage,RLWord,RL Word Pronunciation,IPA,TrueRoot
ah,,,,,,,yeah,interjection,oth,,Orostara,am,,a,
ahat,basic,,,surround/engulf/include/involve,,,around/including,preposition,oth,,Arabic,أَحَاطَ,ʔaḥāṭa,/ʔa.ħaː.tˤa/,Arabic
ahip,basic,,,shake/shiver/tremble/vibrate/shudder,,,,,,,Portuguese,arrepio,,/ɐ.ʁɨˈpi.u/,Latin
air,basic,Mostly used only  as an honorific suffix,partner/spouse/girlfriend/boyfriend/datemate,,,,,,,,Mandarin Chinese,爱人,Àirén,/ˀaɪ̯⁵¹ ʐəɻ³⁵/,Proto-Sino
ak,basic,,front/chest/(temporally) last time/previously/already,,front,forwards,(physically) in front of/next/beyond/(temporally) before,direction/preposition,adv/oth,9,Hindi,आगे,aage,/ɑː.ɡeː/,Sanskrit
Akaramur,proper,'mur' added for clarity,Angola/Republic of Angola,,,,,country,,,Portuguese,Angola,,/ɐ̃ˈɡɔ.lɐ/,
akarim,,,noun,,,,,,,,Orostara,a karim,,,
akax,basic,,sky/weather,,,,,nature,,,Hindi,आकाश,aakaash,/ɑː.kɑːʃ/,Sanskrit
Akaxox,proper,inspired by the Greek titan of the sky,Uranus,,,,,space,,16,Orostara,akax hox,sky planet,,
aket,,,binder/bra,,,,,,,,Orostara,ak et,,,
akran,basic,,,,hard/stiff/firm/tough/(colloquially) arrogant/stuck up,,,,,,Hindi,अकड़न,akadan,/ək.ɽən/,Sanskrit
am,basic,,agreement/harmony/fit/match,agree/fit/suit/complement,agreeable/harmonic/fitting,harmonically,yes,value,,,Tamil,ஆம்,Ām,/aːm/,Sanskrit?
amar,basic,romantic love only,romance,romantic love,romantic ,romantically,,,,,Spanish,amar,,/aˈmaɾ/,Latin
Amerakamur,proper,'mur' added for clarity,United States/US/America/United States of America,,,,,country,,,English,America,,/əˈmɛɹ.ə.kə/,
amin,,for discrete times; 'ten minutes ago'; see 'xamin' for general times like 'in the last few minutes',last minute ,,,,,,,,Orostara,ak min,,,
amis,basic,,joke/amusement,amuse/entertain ,amusing/entertaining/light-hearted,amusingly,,,,,French,amuser,,/a.my.ze/,Latin?/Proto-Germanic?
amon,,for discrete times; 'ten months ago'; see 'xamon' for general times like 'in the last few months',last month,,,,,,,,Orostara,ak mon,,,
an,basic,,addition/both/all,add,,also/too,and,,,,English,and,,/ænd/,Proto-Germanic
anien,,for discrete times; 'ten years ago'; see 'xanien' for general times like 'in the last few years',last year,,,,,,,,Orostara,ak nien,,,
anir,,,,,,,and-or/or,,,,Orostara,an ir,,,
ankur,basic,,angle/radian/slope/incline/tilt,angle/lean/tilt,angular,angularly,,measurement,,,Spanish,ángulo,,/ˈanɡulo/,Latin
Antarkater,proper,the continent; 'ter' added for clarity,Antarctica,,,,,continent,,,Russian,Антарктида,Antarktida,[ɐntɐrkˈtʲidə],
anti,,,,,,,oops,interjection,oth,,Orostara,tantitam,,,
ap,basic,,cloud,,cloudy,,,nature,,,Farsi,ابر,abr,[ʔæbɹ],Proto-Iranian
apas,basic,,phase/state/status/circumstance/situation/condition/stage,,,,,,,,Hindi,अवस्था,avastha,/ə.ʋəs.t̪ʰɑː/,Sanskrit
apeh,basic,,knot/tie,bind/tie/tighten/sew,tight/bound/taught,tightly,,,,,Portuguese,apertado,,/a.peʁˈta.du/,Latin
Aphanmur,proper,'stan' replaced with 'mur' for clarity,Afghanistan/Islamic Republic of Afghanistan,,,,,country,,,Pashto,افغانستان,afğânestân,/afˈɣɑnˈɪsˈtɑn/,
apin,basic,,performance/show,perform/pretend/play,performative/pretend,,,,,,Bangla,অভিনেতা,obhineta,/ɔbʱinet̪a/,Sanskrit
apinis,,,scene/scenario,,,,,,,,Orostara,apin is,,,
apinsar,,,actor,,,,,,,,Orostara,apin sar,perform person,,
apint,,on Earth,theater/theatre,,,,,,,,Orostara,apin tah,,,
apit,,the fiber,cotton,,,,,,,,Orostara,ap pit,,,
apitet,,,cotton/cotton fabric,,,,,,,,Orostara,apit et,,,
Aprikater,proper,the continent; 'ter' added for clarity,Africa,,,,,continent,,,Swahili,Afrika,,/ɑ.fri.kɑ/,
ar,basic,,meaning/definition,mean/signify/define,meaningful/significant,meaningfully/significantly,,,,,Telugu,అర్థము,arthamu,/ar.tʰʌmu/,Sanskrit
arakos,,,rib,,,,,body,,25,Orostara,arak kos,curve bone,,
arakosos,,,rib cage,,,,,body,,26,Orostara,arakos hos,rib container,,
aram,basic,,comfort,comfort,comfortable,comfortably,,,,,Punjabi,ਆਰਾਮ,Ārāma,/aːɾaːmə/,Sanskrit
aran,basic,,spider,,,,,animal/nature,,,Spanish,araña,,/aˈɾaɲa/,Latin
Arapiyatar,proper,'tar' added for clarity,Arabic,,,,,language,,,Arabic,عَرَبِيَّة,ʕarabiyya,/ʕa.ra.bij.ja/,
arat,basic,,gold,,,,,,,,Turkish,altın,,/ɑɫ.tɯn/,
Arhentinamur,proper,'mur' added for clarity,Argentina/Argentine Republic República Argentina,,,,,country,,,Spanish,Argentina,,/aɾxenˈtina/,
armas,basic,,storage/inventory/supply/reserve/repository,store/save/backup/reserve,,,,economy,,,Spanish,almacén,,[al.maˈsẽn],Arabic
arx,basic,Mostly used as an honorific suffix,senior level employee,,,,,,,,Farsi,ارشد,aršad,[ʔæɹ.ʃæd̪̥],Arabic
as,basic,,education/lesson,teach/train/educate,,,,,,,French,enseigner,,/ɑ̃.sɛ.ɲe,Latin
asap,basic,,horse,,,,,animal/nature,,,Farsi,اسب,asb,[ʔæsb̥],Proto-Iranian
asar,,,teacher/professor,,,,,,,,Orostara,as sar,education person,,
asek,,for discrete times; 'ten seconds ago'; see 'xasek' for general times like 'in the last few seconds',last second,,,,,,,,Orostara,ak sek ,,,
Astarater,proper,the continent; 'ter' added for clarity,Australia,,,,,continent,,,English,Australia,,/əˈstɹæɪl.jə/,
asur,basic,,blue,,blue,,,color,,5,Spanish,azul,,/aˈsul/,Proto-Iranian
asurup,,,cobalt,,,,,,,,Orostara,asur rup,blue silver,,
at,basic,,,get/attain/take/grab/download/buy/claim,taken,,,economy,verb,,Korean,얻다,eodda,[ˈɘ(ː)t̚t͈a̠],Proto-Korean
atam,basic,,bridge,cross,,,across,preposition,oth,,Telugu,అడ్డముగా,aḍḍamugā,/aɖ.ɖʌmuɡʌ/,Proto-Dravidian
aten,,for discrete times; 'ten days ago'; see 'xaten' for general times like 'in the last few days',yesterday/last day,,,,,,,,Orostara,ak ten,,,
atios,basic,,,goodbye/bye,,,,,,,Spanish,adiós,,/aˈdjos/,Latin
atit,basic,,root/basis/essence/foundation/base,,fundamental/basic,fundamentally/basically/essentially,,plant/nature,,2,Tamil,அடித்தளம்,aṭittaḷam,/ɐɖit̪ːɐɭɐm/,Unknown
atiy,slang,informal slang; short form; can also be spelled 'atio',,bye/goodbye,,,,,,,Orostara,atios,,ati,
auk,basic,,alcohol,,alcoholic,,,food,,,Portuguese,álcool,,/ˈaw.ko.ɔw/,Akkadian
ax,basic,,yay/woohoo,,good/positive/right/correct,,,interjection,,,Hindi,अच्छा,achchha,/ət͡ʃ.t͡ʃʰɑː/,Sanskrit
axas,,for discrete times; 'ten hours ago'; see 'xaxas' for general times like 'in the last few hours',last hour,,,,,,,,Orostara,ak xas,,,
axok,,Can be used as an casual and flirty honorific suffic ,beauty/(honorific) beautiful one/gorgeous,decorate,pretty/beautiful,beatifully,,,,,Orostara,ax xok,good appearance,,
axtay,,,kindness,,nice/kind,,,,,,Orostara,ax tay,good attitude,,
axtox,,,perk/advantage,,,,,,,,Orostara,ax tox,,,
ay,basic,,ouch/ow,ouch,,,ouch/ow,interjection,oth,,Cantonese,哎哟,aai jo,/aːi̯⁵⁵ jɔː⁵⁵/,Proto-Sino
eh,,,,,,,um/uh,interjection,oth,,Orostara,?,,,
ek,basic,,one/first,,1/first/important/principle/main,only,,number,,2,Hindi,एक,ek,/eːk/,Sanskrit
ekarim,,,adverb,,,,,,,,Orostara,e karim,,,
ekot,basic,,meeting/interview,meet,,,,,,,Portuguese,encontrar,,/ẽ.kõˈtɾa(ʁ)/,Latin
em,basic,,feeling/emotion/(metaphorical) heart,feel/sense by emotion,emotional,emotionally,,,,,Portuguese,emoção,,/e.moˈsɐ̃w̃/,Latin
emer,basic,,emergency,,urgent,,,,,,Spanish,emergencia,,[e.meɾˈxẽn.sja],Latin
en,basic,,surface/side/wall/dimension/face/plane/board/plate,,flat,,on/onto,preposition,oth,,Spanish,en,,/en/,Latin
ep,basic,,effect/result/outcome/crop/harvest,affect/harvest,effective,effectively,so/therefore/thus/then,,,,Italian,effetto,,/eˈffɛ.tto/,Latin
epek,basic,,perfection,perfect,perfect/flawless/impeccable,,,,,,French,impeccable,,/ɛ̃.pɛ.kabl/,Latin
es,basic,,precision/accuracy,,exact/accurate/precise,exactly/accurately/precisely,,,,,Portuguese,exato,,/eˈza.tu/,Latin
esep,basic,,example/sample/demo,demonstrate,,,such as,,,,Portuguese,exemplo,,/eˈzẽ.plu/,Latin
eskar,basic,,beetle,,,,,animal/nature,,,Spanish,escarabajo,,/eskaɾaˈbaxo/,Ancient Greek
eskin,basic,,corner,turn,,,,,,,Spanish,esquina,,/esˈkina/,Proto-Germanic
Espanamur,proper,'mur' added for clarity,Spain/Kingdom of Spain,,,,,country,,,Spanish,España,,/esˈpaɲa/,
Espanortar,proper,'tar' added for clarity,Spanish,,,,,language,,,Spanish,español,,/espaˈɲol/,
Espantar,proper/slang,informal slang; short form,Spanish,,,,,language,,,Orostara,Espanortar,,,
estir,basic,,rubber/gum,stretch/strain,stretched/strained/(colloquially) stressed,,,,,,Spanish,estirar,,/estiˈɾaɾ/,Latin? 
et,basic,,cloth/fabric/clothing,wear/dress/clothe,,,,,,,French,étoffe,,/e.tɔf/,Proto-Germanic
etos,,,bag,,,,,,,,Orostara,et hos,,,
ex,basic,,debt,have/borrow/rent/loan/owe,,,of/from,economy,,,Farsi,اجاره,ejâre,[ʔe.d͡ʒɒː.ɹé],Proto-Germanic
exit,basic,,equivalence/equality,equate/balance,equal/same/identical,equally/identically,,,,,Turkish,eşit,,/eʃit/,Proto-Turkic
expien,,,,,parallel,,,,,,Orostara,ex pien,equal line,,
ey,basic,Interjection to get someone's attention,,,,,hey,interjection,oth,,Tamil,ஏய்,Ēy,/eːj/,Unknown
ha,,exclamation marker ,,,,,,,,,Orostara,ham,,,
haha,,,,,,,haha,interjection,oth,,?,,,,
hak,basic,Most commonly used as an honorific suffix (all children are students),student/child/minor,,,,,,,,Cantonese,学生,hok saang,/hɔk̚³² saŋ³³⁻³³⁵/,Proto-Sino
ham,basic/slang,,all/whole/(colloquially) everyone/everything,,all/every/entire/whole/each,completely/entirely/(colloquially) always,,,,,Farsi,همه,hame,/hæˈme/,Proto-Iranian
hamak,,,everywhere,,,,,,,,Orostara,ham mak,,,
hamas,,,,,most,,,,,,Orostara,ham mas,,,
hamaspax,,,favorite,,favorite,,,,,,Orostara,hamas pax,,,
hamik,,,,,least,,,,,,Orostara,ham ik,,,
hamikixor,,,,,cold/freezing,,,,,,Orostara,ham ikixor,,,
hamsar,,,everyone,,,,,,,,Orostara,ham sar,,,
hamsax,,,attention/obsession,focus/obsess,attentive,,,,,,Orostara,ham sax,all thought,,
hamsek,,,,,permanent,permanently,always/forever,,,,Orostara,ham sek,,,
han,basic,specifically to touch with your hand,hand,touch,,,,body,,50,English,hand,,/hænd/,Proto-Germanic
hanam,basic,,sheep/goat/llama/alpaca/vicuna,,,,,animal/nature,,,Arabic,غَنَم,ḡanam,/ɣanam/,Arabic
hanamkex,,the fiber,wool,,,,,,,,Orostara,hanam kex ,,,
hanamkexet,,,wool fabric,,,,,,,,Orostara,hanamkex et,,,
hanet,,,gloves/glove,,,,,,,,Orostara,han et,,,
Hankukatar,proper,어 replaced with 'tar',Korean,,,,,language,,,Korean,한국어,hangug-eo,[ˈha̠(ː)nɡuɡʌ̹],
Hankukmur,proper,'mur' added for clarity,South Korea/Republic of Korea,,,,,country,,,Korean,한국,hangug,[ˈha̠(ː)nɡuk̚],
hanxot,,,wrist,,,,,body,,49,Orostara,han xot,,,
haos,basic/slang,used as a slur of sorts to talk about people who Venusians (mostly) feel aren't pulling their weight and are a waste of resources,parasite/(colloquially) leech,spend/expend/use up/waste/consume,,,,economy,verb,,Mandarin Chinese,耗損,hàosǔn,/xɑʊ̯⁵¹ su̯ən²¹⁴⁻²¹⁽⁴⁾/,Proto-Sino
haposartay,,can be modified to 'hapxatay' or 'hapoyatay' if you want to specifically say 'jealous of you' or 'jealous of me',,,jealous,jealously,,,,,Orostara,hap sar tay,,,
hapoxatay,slang,informal slang; generalized form is 'haposartay' if you want to just say 'jealous',,,jealous of you,,,,,,Orostara,hap x tay,,,
hapoyatay,slang,informal slang; generalized form is 'haposartay' if you want to just say 'jealous',,,jealous of me,,,,,,Orostara,hap y tay,,,
har,basic,,green,,green,,,color,,4,Hindi,हरा,hara,[ɦəˈɾaː],Sanskrit
harap,basic,,reptile/amphibian,,,,,animal/nature,,,English,herptile,,/ˈhɝp.taɪl/,Ancient Greek
has,basic,,thousand,,1000,,,number,,24,Hindi,हज़ार,hazaar,/ɦə.zɑːɾ/,Proto-Indo-Iranian
hasnir,,,kilometer,,,,,measurement,,,Orostara,has nir,,,
haspaxan,,,kilogram,,,,,measurement,,,Orostara,has paxan,,,
hat,basic,,tour,walk,,,,,,,Russian,ходить,khodit,[xɐˈdʲitʲ],Proto-Slavic
hatam,basic,,mark/stamp/impression,mark/stamp/impress,,,,,,,Arabic,ختم,ḵattama,/xatama/,Hebrew?
Hausatar,proper,'tar' added for clarity,Hausa,,,,,language,,,Hausa,hausa,,[háu.sə́],
hax,basic,,eight,,8,,,number,,9,Japanese,八,hachi,[ha̠t͡ɕi],Proto-Sino
haxin,,named for the number of points on the shape,octagon,,octagonal,,,shape,,,Orostara,hax hin,,,
haxtix,,named for the number of faces on the object,diamond/octahedron,,,,,shape,,,Orostara,hax tix,,,
hay,basic,,sea/ocean,,,,,nature,,,Mandarin Chinese,海,Hǎi,/xaɪ̯²¹⁴/,Proto-Sino
Hayox,proper,inspired by the Roman god of the ocean,Neptune,,,,,space,,17,Orostara,hay hox,ocean planet,,
haypien,,,coast/shore/beach,,,,,nature,,,Orostara,hay pien,,,
Haypoxox,proper,inspired by the Inuit goddess of the sea and marine animals ,Sedna,,,,,space,,26,Orostara,hay pox hox,,,
hek,basic,,meal/food,eat,,,,food,,,Cantonese,吃,hek,/hɛːk̚³/,Proto-Sino
hekatup,,,intestines,,,,,body,,30,Orostara,hek tup,food tube,,
hekor,,,stomach,,,,,body,,29,Orostara,hek or,eat organ,,
hep,basic,Mostly used as an honorific suffix,Executive/CEO,,,,,,,,Spanish,chefe,,/ˈxefe/,Latin
her,slang,Affectionate honorific suffix that means 'someone I care about',beloved/partner/friend/sister/brother/etc,,,,,,,,Orostara,?,,,
hes,basic,,reason/factor,cause,reasonable/rational/sensible,reasonably,because of/through/with/from,preposition,oth,,French,raison,,/ʁɛ.zɔ̃/,Latin
hesis,,,logic/sense,,logical/rational,,,,,,Orostara,hes sis,,,
hesun,,indicates a dependent clause ,,,,,because/for/since,,,,Orostara,hes hun,,,
hey,basic,,,cheat/hack,,,,,,,Mandarin Chinese,黑,hēi,/xeɪ̯⁵⁵/,Proto-Sino
hihi,,,,,,,heehee,interjection,oth,,?,,,,
hik,basic,,hiccup,,,,,body,,71,English,hiccup,,/ˈhɪkʌp/,Proto-Germanic
hin,basic,,shape,form,shapely,,,shape,,,Vietnamese,hình dạng,,[hïŋ˨˩ zaːŋ˧˨ʔ],Proto-Sino
Hintitar,proper,'tar' added for clarity,Hindi,,,,,language,,,Hindi,हिन्दी,hindee,/ɦɪn.d̪iː/,
hir,basic,,shell/case/safety,save/shield/defend/guard/protect,protective/safe,protectively,,,,,German,Hülse,,/ˈhʏlzə/,Proto-Germanic
hirsarat,,,turtle ,,,,,animal/nature,,,Orostara,hir sarat,shell lizard,,
hiy,basic,,rain,rain,,,,nature,,,Wu Chinese,雨,yu,/ɦy²³/,Proto-Sino
hor,basic,,hold/hug/embrace/cuddle,hold/embrace,,,,,,,English,hold,,/hoʊld/,Proto-Germanic
hos,basic,,container/box/basin/cup/vessel/bottle/trap,contain/catch,,,,,,,Mandarin Chinese,盒子,Hézi,/xɤ³⁵ d͡z̥z̩³/,Proto-Sino
hot,basic,,deal/contract/vow,deal/bargain/promise/swear,,,,economy,,,Mandarin Chinese,合同,Hétóng,/xɤ³⁵ tʰʊŋ³⁵/,Proto-Sino
hox,basic,,planet/world,,,,,space,,2,Japanese,星,Hoshi,[ho̞ɕi],Proto-Japonic
huah,basic,,fire,burn,firey,,,,,6,Mandarin Chinese,火,huǒ,/xu̯ɔ²¹⁴/,Proto-Sino
huanin,basic,,,welcome/accept/admit/approve,acceptable,acceptably,,,,,Mandarin Chinese,欢迎,Huānyíng,/xu̯än⁵⁵ iŋ³⁵/,Proto-Sino
huax,basic,,chemical,,chemical,chemically,,,,,Mandarin Chinese,化学,Huàxué,/xu̯ä⁵¹ ɕy̯ɛ³⁵/,Proto-Sino
huaxniy,,,chemistry,,,,,,,,Orostara,huax niy,,,
hues,basic,,gray,,grey/(colloquially) dismal/dull,,,color,,9,Mandarin Chinese,灰色,huīsè,/xu̯eɪ̯⁵⁵ sɤ⁵¹/,Proto-Sino
huk,basic,,hook,hook/catch,,,,,,,English,hook,,/hʊk/,Proto-Germanic
hun,basic,particle to indicate a dependent clause; also see 'pen',,,,,that/which,,,,Orostara,?,,,
Hunitar,proper,'tar' added for clarity,Wu Chinese/Wu Chinese,,,,,language,,,Wu Chinese,吴语,hhu-nyy,/ɦu²² n̠ʲy⁴⁴/,
hup,basic,,area/field/realm/zone,,,,,measurement,,,Vietnamese,khu vực,,[xu˧˧ vɨk̚˧˨ʔ],Proto-Sino
hux,basic,,sheen,shine/glitter/reflect/glint,shiny/glittery/reflective,,,,,,Mandarin Chinese,闪耀,hūshǎn,/xu⁵⁵ ʂän²¹⁴⁻²¹⁽⁴⁾/,Proto-Sino
ik,basic,to a small degree; can be used as a casually affectionate honorific suffix,little/(honorific) little one/baby (affectionate),,a little,barely/just/(negated verb) even,,,,,Japanese,以下,Ika,[ika̠],Proto-Japonic?
amarik,,romantic crush,crush,crush,,,,,,,Orostara,amar ik,,,
ikarim,,,adjective,,,,,,,,Orostara,i karim,,,
ikipak,,,,,cheap,cheaply,,,,,Orostara,ik pak,little money,,
ikisapes,,,,,thin,thinnly,,,,,Orostara,ik sapes,little circumference,,
ikisut,,,,,slow,slowly,,,,,Orostara,ik sut,little speed,,
ikitax,,,,,small,,,,,,Orostara,ik tax,a little size,,
terik,,,island,,,,,nature,,,Orostara,ter ik,,,
ikixak,,,,,weak,weakly,,,,,Orostara,ik xak,little strength,,
ikixam,,,,,short,,,,,,Orostara,ik xam,,,
ikixan,,pair with 'sek',a recent past,,recent,recently,,,,,Orostara,ik xan,,,
ikixor,,,,chill,cool/cold,coolly/coldly,,,,,Orostara,ik xor,,,
muhik,,,bush ,,,,,plant/nature,,,Orostara,muh ik,,,
murik,,,state/province,,,,,,,,Orostara,mur ik,,,
ikneh,,,,,quiet/soft,quietly/softly,,,,,Orostara,ik neh,little noise,,
iknien,,,youth,,young,,,,,,Orostara,ik nien,little age,,
iknir,,,,,near/close,closely,,,,,Orostara,ik nir,small distance or a little distance,,
ikom,slang,,,,less,less,less than/(colloquially) worse than,,,,Orostara,ik kom,,,
ikot,,pair with 'sek',near future,,upcoming,soon,,,,,Orostara,ik ot,,,
hoxik,,,dwarf planet,,,,,space,,7,Orostara,hox ik,little planet,,
ikuan,,,,,narrow,narrowly,,,,,Orostara,ik kuan,small width or a little width,,
im,basic,,magnet/attraction,attract/captivate,magnetic/attractive/alluring,magnetically/attractively,,,,,Spanish,imán,,[iˈmãn],Ancient Greek
in,basic,the insect animal,fly,,,,,animal/nature,,,Mandarin Chinese,蠅,yíng,/in⁵⁵/,Proto-Sino
Inakmur,proper,'land' replaced with 'mur' for clarity,England,,,,,country,,,English,England,,/ˈɪŋɡlənd/,
inar,basic,,pressure/pascal/(colloquially) stress,crush/squeeze,(colloquially) stressful/stressed,,,measurement,,,Mandarin Chinese,应力,Yìnglì,/iŋ⁵¹⁻⁵³ li⁵¹/,Proto-Sino
inax,basic,,luck/chance,,lucky,,,,,,Mandarin Chinese,运气,Yùnqì,/yn⁵¹ t͡ɕʰi¹/,Proto-Sino
ink,basic/slang,Commonly used like an honorific suffix for corporations cuz they're treated like people I guess; (colloquially) used like how English uses 'god' in swearing; 'I swear to god' = 'I swear to Inka',company/business/firm/corporation/(colloquially) god,,incorporated,,,economy,,,English,incorporated,,/ɪŋˈkɔɹpəɹeɪtɪd/,Latin
Inkarixtar,proper,'tar' added for clarity,English,,,,,language,,,English,english,,/ˈɪŋɡlɪʃ/,
insan,basic,,human,,,,,animal/nature,,,Hindi,इंसान,insaan,[ɪnˈsa(ː)n],Proto-Semitic
insisan,,time of year,spring,,,,,,,,Orostara,in sisan,,,
Intonesiamur,proper,'mur' added for clarity,Indonesia/Republic of Indonesia,,,,,country,,,Indonesian,Indonesia,,/in.ˈdo.nɛ.sɪ.(j)a/,
inxiy,basic,,rhythm,,rhythmic,,,,,,Mandarin Chinese,音节,Yīnjié,/in⁵⁵ t͡ɕi̯ɛ³⁵/,Proto-Sino
ip,basic,,cord/cable/wire/rope/string,,,,,,,,Turkish,ip,,/ip/,Proto-Turkic
ipit,,,vine,,,,,plant/nature,,,Orostara,ip pit,rope plant,,
ir,basic,,alternative,switch/swap/alternate,alternate/other,instead,xor/either/or/else/instead of/(temporally) until,,,,Russian,или,ili,[ˈilʲɪ],Proto-Slavic
Irakmur,proper,'mur' added for clarity,Iraq/Republic of Iraq,,,,,country,,,Arabic,العراق,aleiraq,/al.ʕi.raːq/,
iran,basic,,advertisement/ad,advertise,,,,economy,,,Turkish,ilan,,/iːlan/,Proto-Turkic
Iranmur,proper,'mur' added for clarity,Iran,,,,,country,,,Farsi,ایران,irun,[ʔiː.ɹɒ́ːn],
is,basic,,condition,,conditional/situational,,if,,,,Turkish,ise,,/ise/,Proto-Turkic
isek,,indicates a conditional timeframe or hypothetical; optional for 'if-then' statements; required for 'could' and 'should' statements,,,hypothetical,,,,,,Orostara,is sek,,,
ispir,basic,,ghost/spirit/soul/(metaphorical) heart/(metaphorical) mind/personality,,,,,fantasy,,,Portuguese,espírito,,/isˈpi.ɾi.tu/,Latin
ist,basic,Mostly used as an honorific suffix,intern,,,,,,,,Portuguese,estagiário,,/istaʒiˈaɾiu/,Unknown
Itaryamur,proper,'mur' added for clarity,Italy,,,,,country,,,Italian,Italia,,/iˈta.lja/,
Itaryanotar,proper,'tar' added for clarity,Italian,,,,,language,,,Italian,italiano,,/i.taˈlja.no/,
itir,basic,,respect,respect,respectful,respectfully,,value,,,Arabic,احترام,iḥtirām,/iħ.ti.raːm/,Arabic
Itiyopyamur,proper,'mur' added for clarity,Ethiopia/Federal Democratic Republic of Ethiopia,,,,,country,,,Amharic,ኢትዮጵያ,ītiyop’iya,/itijopʼja/,
ix,basic,,energy/will/motivation/drive/joule/fuel,motivate/drive,motivational/motivating,motivationally,,measurement,,,Mandarin Chinese,意志,Yìzhì,/i⁵¹⁻⁵³ ʈ͡ʂʐ̩⁵¹/,Proto-Sino
ixem,,,excitement,excite,exciting,excitingly,,,,,Orostara,ix em,,,
kak,basic/swear,only slightly vulgar when used as a swear,excriment/(colloquially) shit,poop,,,,body,,63,Spanish,caca,,/ˈkaka/,Unknown
kakatup,,,rectum,,,,,body,,31,Orostara,kak tup,poop tube,,
kam,basic,,job/employment/work/task,work/labor/employ/hire,busy/hardworking,,,economy/value,,,Hindi,काम,kaam,/kɑːm/,Sanskrit
kamar,basic,,camera,,,,,,,,English,camera,,/ˈkæməɹə/,Ancient Greek
kamat,,on Earth; physical,office/workplace,,,,,,,,Orostara,kam taha,,,
kamin,basic,,path/street/trail/road/way,follow/track,,,,,,,Spanish,camino,,/kaˈmino/,Latin
kamsis,,,industry,,industrial,industrially,,,,,Orostara,kam sis,hong jip,,
kan,basic/swear,also a swear; not very vulgar; akin to saying 'balls',bar/rod/pole/stick/(colloquially) dick/strap,(colloquially) peg/top,straight,,,,,,Mandarin Chinese,杆,gān,/kän⁵⁵/,Proto-Sino
Kanamur,proper,'mur' added for clarity,Ghana/Republic of Ghana,,,,,,,,English,Ghana,,/ˈɡɑːnə/,
Kanatamur,proper,'mur' added for clarity,Canada/Dominion of Canada,,,,,country,,,English,Canada,,/ˈkænədə/,
kanax,basic,specific to physical feelings (touch),physical feeling/sensation,feel/sense,,,,body,,,Mandarin Chinese,感觉,Gǎnjué,/kän²¹⁴⁻²¹ t͡ɕy̯ɛ³⁵/,Proto-Sino
kanaxor,,,nerve,,,,,body,,6,Orostara,kanax or,,,
kant,slang/swear,slang swear; can be used as a derogatory honorific; much more vulgar than 'kax'; thought to come either from गांडू  in Hindi or 'cunt' in English  (possibly both),bitch/bastard/dick/cunt/asshole/idiot/fucker,,,,,,,,?,?,,,
Kantuntar,proper,话 replaced with 'tar',Cantonese/Yue Chinese,,,,,language,,,Cantonese,广东话,gwong dung waa,/kʷɔːŋ³⁵ tʊŋ⁵⁵ waː²²⁻³⁵/,
kox,basic,,ability/availability/possibility/potential/(colloquially) value,able/can/might,able/available/capable/possible/feasible,possibly/potentially/maybe,,,,,Mandarin Chinese,可行,kěxíng,/kʰɤ²¹⁴⁻²¹ ɕiŋ³⁵/,
kapes,basic,,head,,,,,body,,8,Spanish,cabeza,,/kaˈbesa/,Latin
kapeset,,,headscarf/head scarf,,,,,,,,Orostara,kapes et,,,
kapesmuk,,,hat,,,,,,,,Orostara,kapes muk,,,
kar,basic,,black/shadow,,black/dark,darkly,,color,,10,Gujarati,કાળો,Kāḷō,/kalo/,Sanskrit
karax,basic,,crab/lobster/crayfish/crustacean,,,,,animal/nature,,,Gujarati,કરચલો,karaclo,/ˈkə.ɾət͡ʃ.lo/,Sanskrit
karim,basic,,word,,wordy,,,,,,Arabic,كلمة,kalima,/ka.li.ma/,Arabic
karimkun,,,sentence/phrase/statement,,,,,,,,Orostara,karim kun,,,
karip,basic,,nail/talon/claw,scratch,,,,body,,52,French,griffe,,/ɡɹɪf/,Proto-Germanic
karipay,basic,,,beg,,please,,,,,Hindi,कृपया,kŕpayā,/kɾɪp.jɑː/,Sanskrit
karis,basic/slang,,lube/(colloquially) slick,slip/slide,slippery/slick,,,body,,65,French,glisser,,/ɡli.se/,Proto-Germanic
karkox,basic,,rabbit/bunny,,,,,animal/nature,,,Bangla,খরগোশ,khôrgoś,[ˈkʰɔr.ɡoʃ],Proto-Iranian
kas,basic,,simulation/VR/virtual reality,simulate,virtual,,,,,,Korean,가상,gasang,[ˈka̠(ː)sʰa̠ŋ],Proto-Sino
kasetx,slang/swear,slang swear; can be used as a very vulgar way to call someone a top,phallus/dick/cock/clit/strap,fuck/peg,fucking,,,,,,Portuguese,cacete,,/kaˈse.t͡ʃi/,
kasip,basic,,projectile,shoot,,,,,,,Arabic,قذيفة,qaḏīfa,/qa.ðiː.fa/,Arabic
kasit,basic,,poem/poetry/verse,,poetic,,,,,,Arabic,قصيدة,qaṣīda,/qa.sˤiː.da/,Arabic
kat,basic,,cut,cut/slice,,,,,,,Urdu,کاٹنا,Kāṭā,[ˈkɑ.ʈɑ],Sanskrit
katan,,the fiber,flax,,,,,,,,Arabic,كتان,kattān,/kat.taːn/,
kaus,basic,,arch,curve/bend/flex,flexible,flexibly,,,,,Arabic,قَوْس,qaws,/qaws/,Arabic
kax,slang/swear,can be used as a derogatory honorific suffix or just a swear; less vulgar than 'kant',shit/garbage/(honorific) shithead/dumbass/idiot/dumbfuck/shit for brains,kill/die/kill yourself,useless/stupid/shitty,,,,,,Orostara,kaxar,,,
kaxar,basic,,waste/trash/(polite) poop,,,,,,,,Hindi,कचरा,kacrā,/kət͡ʃ.ɾɑː/,Sanskrit
kaxit,slang/swear,slang swear,asshole/shithole,,,,,,,,Orostara,kax xit ,,,
kay,basic,,cow,,,,,animal/nature,,,Hindi,गाय,gāy,/ɡɑːj/,Sanskrit
kays,slang/swear,slang swear; only mildly vulgar,(exclamation) damn,damn,damned/stupid,,,,,,Mandarin Chinese,該死,,/kaɪ̯⁵⁵ sz̩²¹⁴⁻²¹⁽⁴⁾/,
kayut,basic,,account/recording,account/record,accountable,,,economy,,,Turkish,kayıt,,/kaˈjɯt/,Proto-Turkic
kek,basic,,marriage,marry,marital,,,,,,Japanese,結婚,kekkon,[ke̞k̚kõ̞ɴ],Proto-Japonic?
kekisar,,,spouse,,,,,,,,Orostara,kekon sar,marriage person,,
Kenamur,proper,'mur' added for clarity,Kenya/Republic of Kenya,,,,,country,,,Swahili,Kenya,,/kɛ.ɲɑ/,
kep,basic,,damage/wound/injury,break/damage/hurt/wound/injure/destroy/demolish/rip/tear/harm,broken/damaged/wounded/injured,,,body,,,Portuguese,quebrar,,/keˈbɾa(ʁ)/,Latin
Kepox,proper,inspired by the Roman god of punishment in the underworld ,Orcus,,,,,space,,18,Orostara,kep hox,,,
ker,basic,,game/sport,play a game,fun,,,,,,Hindi,खेल,khel,/kʰeːl/,Sanskrit
kex,basic,,hair/fur/feather/feathers,,hairy/furry,,,body,,10,Gujarati,કેશ,Kēśa,,Unknown
kexet,,,bonnet,,,,,,,,Orostara,kex et,,,
pos,basic,,gift/reward/prize/distribution/generosity,give/reward/share/distribute/get to,gifted/free/earned/generous,,,economy/value,,,Korean,보상,bosang,[ˈpo̞(ː)sʰa̠ŋ],
keytay,,,generosity,,generous,generously,,,,,Orostara,key tay,,,
keyuk,basic,,muscle/meat,,muscular,,,body,,3,Cantonese,肌肉,gei juk,/kei̯⁵⁵ jʊk̚²/,Proto-Sino
ki,,particle to indicate something is a question ,,,,,,,,,Orostara,kiy,,,
kihes,,for what reason; why did it happen,,,,why,,,,,Orostara,kiy hes,what reason,,
kikon,,,whatever/whichever,,,,,,,,Orostara,kiy kon ,what any,,
kimak,,,,,,where,,,,,Orostara,kiy mak,what place,,
kimetot,,,,,,how/in what way,,,,,Orostara,kiy metot,,,
kimuk,,,which,,,,,,,,Orostara,kiy muk,what thing,,
kimut,,for what purpose; what was the desired outcome,,,,why,,,,,Orostara,kiy mut,,,
kisar,,,who,,,,,,,,Orostara,kiy sar,what person,,
kisek,,,,,,when,,,,,Orostara,kiy sek,,,
kixin,,,,,,how,,,,,Orostara,kiy xin,what action,,
kiy,basic,,what/question,ask/question,inquisitive ,,,,,,Urdu,کیا,kya,/kjɑː/,Sanskrit
kiyah,,normally you would just say 'kiya?' but if you want to really emphasize it you can draw it out (that is what the 'h' is for); also if you want so add some aggressive umph you can go 'kiyaha!?' which a lot of throat in the 'h',,,,,huh,interjection,oth,,Orostara,kiy,,,
ko,basic,indicates a direct object,,,,,,,,,Orostara,?,,,
koay,basic,,,,cute/adorable/loveable,,,,,,Mandarin Chinese,可愛,kě'ài,/kʰɤ²¹⁴⁻²¹ ˀaɪ̯⁵¹/,Proto-Sino
kohun,,indicates a dependent clause acting as the direct object of the sentence,,,,,,,,,Orostara,ko hun,,,
kom,basic,,comparison,compare,comparable,comparably,than,,,,Spanish,comparar,,/kompaˈɾaɾ/,Latin
komar,basic,,,,gentle/soft,gently/softly,,,,,Punjabi,ਕੋਮਲ,Kōmala,/koːmələ/,Sanskrit
komarup,,,aluminum ,,,,,,,,Orostara,komar rup,soft silver,,
kon,basic,,,,,any/at all,,,,,Bangla,কোনো,kono,/kono/,Sanskrit
Konko-Kinxasamur,proper,'mur' added for clarity,DR Congo/DRC/Democratic Republic of the Congo,,,,,country,,,French,Congo-Kinshasa,,,
kopan,basic,,stock/share/equity,,,,,economy,,,Vietnamese,Cổ phần,,[ko˧˩ fən˨˩],Proto-Sino
kor,basic,,wish,want/desire/hope/wish,desireable,,,,,,Telugu,కోరిక,kōrika,koːɾika/,
korak,basic,,,hang,,,,,,,Spanish,colgar,,/kolˈɡaɾ/,Latin
Korumpyamur,proper,'mur' added for clarity,Colombia/Republic of Colombia/Columbia,,,,,country,,,Spanish,Columbia,,/koˈlumbja/,
kos,basic,,bone,,,,,body,,7,Russian,кость,kost',[kosʲtʲ],Proto-Slavic
kosmos,basic,,space/universe/cosmos,,cosmic/alien,,,,,,Spanish,cosmos,,/ˈkosmos/,Ancient Greek
kot,basic,can be used as an honorific suffix; specifically means 'your child'; not the same as underage person; see 'hok' if you need to give an honorific to a child,child/son/daughter/offspring,,,,,,,,Telugu,కొడుకు,Koḍuku,/koɖuku/,Proto-Dravidian
kotik,basic,,code,encode/encrypt,cryptic,,,,,,Spanish,código,,/ˈkodiɡo/,Latin
nor,basic,,music/song,make music,musical/lyrical,,,,,,Korean,노래,norae,[no̞ɾɛ] ,
koxan,,,,dance,,,,,,,Orostara,kox xan,chum,,
koxtar,,,,sing,,,,,,,Orostara,kox tar,,,
koy,basic,,sex/sexual intercourse/coitus,have sex/mate,sexual/hot,sexually,,,,72,Spanish,coito,,/ˈkoito/,Latin
koyor,,,genital,,,,,body,,34,Orostara,koy or,sex organ,,
koyxam,,,orgasm,,,,,,,,Orostara,koy xam,,,
kuan,basic,,width/range/scale/spectrum/breadth,,wide,,,,,,Mandarin Chinese,宽度,Kuāndù,/kʰu̯än⁵⁵ tu⁵¹/,Proto-Sino
aum,basic,,growth/expansion,grow/increase/expand/spread/enlarge/extend,increasing,,,,,,Portuguese,aumentar,,/aw.mẽˈta(ʁ)/,
axiok,,,,grow/develop,,,,,,,Orostara,ax xiok,,,
kuex,basic,,connection/relation/link,connect/relate/link/bond,connecting/connective,,,,,,Wu Chinese,关系,kue-shi,/kue̞⁵⁵ ɕi²¹/,Proto-Sino
kuexkun,,,network,,,,,,,,Orostara,kuex kun,,,
kuey,slang,widely used slang; used to mean anyone who worked at Oros but now mostly used to refer to anyone who was born into the corp; so brood babies mostly; Venusians most of all,adder/snake/oros citizen/(colloquially) Venusian,,,,,,,,Mandarin Chinese,蝰,,/kʰu̯eɪ̯³⁵/,
kueyik,slang,widely used slang; little adders (see 'kuey'); also called kuika; see 'kuik',snakelet/minor/young adder/student/child,,,,,,,,Orostara,kuey ik,,,
kuihak,slang,slang; kid in the same brood as you,broodmate,,,,,,,,Orostara,kuik hak,,,
kuik,slang,slang; used to refer to the class of kids you were with in school and also the whole 'school' system itself,snakelet/minor/young adder/student/child,,,,,,,,Orostara,kueyik kun,,,
kuikun,slang,group of five kids you compete with each year ,brood,,,,,,,,,,,,
kuikupr,slang,slang; adult in charge of your brood; hard to translate into English; Teacher? Babysitter? Headmaster? I dunno I did my best,broodhead,,,,,,,,Orostara,kuik upr,,,
kum,basic,,flaw/mistake/error,,bad/negative/wrong/incorrect,,,,,,Bangla,খুঁত,Khum̐ta,/ kʰumtɔ/,Sanskrit?
kumapas,,,illness,,ill/sick,,,,,,Orostara,kum apas,,,
kumax,,referring to magic,curse,curse,,,,fantasy,,,Orostara,kum max,bad magic,,
kumik,,,disease/illness,,,,,,,,Orostara,kum mik,,puryu,
kumix,,,,damn/curse,,,,fantasy,verb,,Orostara,kum ix,bad will/energy,,
kumtay,,,rage/anger/wrath,,angry/mad/grumpy/pissy,,,,,,Orostara,kum tay,,,
kumtox,,,disadvantage/detriment,,,,,,,,Orostara,kum tox,,,
kun,basic,,group/collection/team,collect,,,,value,,,Japanese,群,gun,/gɯɴ/,Proto-Japonic?
kunap,basic,,concern,worry,concerned,,,,,,Mandarin Chinese,恐怕,kǒngpà,/kʰʊŋ²¹⁴⁻²¹ pʰä⁵¹/,Proto-Sino
kunson,,,ant/bee/wasp,,,,,animal/nature,,,Orostara,kun son,,,
kup,basic,as in 'too much',excess,,extra/excessive,too,,,,,Bangla,খুব,Khuba,/kʰub/,Proto-Iranian
kupak,,,profit,profit,,,,,,,Orostara,kup pak,excess money,,
kur,slang/swear,slang swear,ass,,,,,,,,Spanish,culo,,/ˈkulo/,
kus,basic/slang,also used as an insult; particularly by Venusians against people from other planets,worm,,,,,animal/nature,,,Spanish,gusano,,/ɡuˈsano/,Latin
kuset,,,silk/silk fabric,,,,,,,,Orostara,kus et,,,
kut,basic,,town/city,,,,,,,,Javanese,ꦏꦸꦛ,kutha,/ku.ʈa/,Sanskrit?
kux,basic,,story/tale/fiction/narrative,narrate/tell tales,fictional,,,,,,Mandarin Chinese,故事,"gùshi,",/ku⁵¹ ʂʐ̩¹/,Proto-Sino
kuxkasan,,,AR/augmented reality,,AR,,,,,,Orostara,kux kasan,some vr,,
Kuxratitar,proper,'tar' added for clarity,Gujarati/Gunjarati,,,,,language,,,Gujarati,ગુજરાતી,Gujarātī,/ɡudʒ(ə)ˈɾɑt̪i/,
ma,basic,particle to indicate subject of a sentence,,,,,,,,,Orostara,?,,,
mahar,basic,,cave,,,,,nature,,,Arabic,مغارة,maḡāra,/maɣaːra/,Arabic?
mahun,,indicates a dependent clause acting as the subject of the sentence,,,,,,,,,Orostara,ma hun,,,
mak,basic,location marker particle,place/location/space,,,,,,,,Arabic,مَكَان,makān,/ma.kaːn/,
makat,basic,,monkey,,,,,animal/nature,,,Marathi,माकड,Mākaḍa,/ma.kəɖ/,Sanskrit
makun,,marks the location; indicates a dependent clause following,,,,,,,,,Orostara,mak hun,,,
mam,basic,,mammal,,,,,animal/nature,,,Spanish,mamífero,,/maˈmifeɾo/,Latin
man,basic,,,fill/satisfy,enough/full,enough,,,,,Mandarin Chinese,满,Mǎn,/män²¹⁴/,Manchu
manrak,basic,,internet/web/world wide web,,,,,,,,Cantonese,網絡,mong5 lok3,/mɔːŋ¹³ lɔːk̚³/,
maox,basic,,risk/bet/dare/wager,bet/gamble/wager/dare,risky,,,economy,,,Mandarin Chinese,冒险,màoxiǎn,/mɑʊ̯⁵¹ ɕi̯ɛn²¹⁴⁻²¹⁽⁴⁾/,Proto-Sino
map,basic,Can be used as an honorific suffic ,parent/mom/dad/father/mother,,,,,,,,Punjabi,ਮਾਪੇ,Māpē,/maːpeː/,Unknown
mapan,basic,,trouble/difficulty/challenge,challenge,difficult/hard/tough/challenging,,,,,,Mandarin Chinese,麻烦,Máfan,/mä³⁵ fän³/,Proto-Sino
mapur,basic,,flight,fly,,,,,,,Javanese,mabur,,/mabur/,Old Javanese
mapurais,,,airplane/plane,,,,,,,,Orostara,mapur rais,fly vehicle,,
mapuror,,,wing,,,,,body,,46,Orostara,mapur or,,,
mar,basic,,death,die/kill,dead,,,,,,Gujarati,મરણ,maraṇ,/məɾəɳ/,Sanskrit
Maratitar,proper,'tar' added for clarity,Marathi,,,,,language,,,Marathi,मराठी,Marāṭhī,/mə.ɾa.ʈʰi/,
Maresiamur,proper,'mur' added for clarity,Malaysia/Federation of Malaya,,,,,country,,,Malay,Malaysia,,"/məlesia, -ʃa/",
Maripmur,proper,'mur' added for clarity,Morocco/Kingdom of Morocco,,,,,country,,,Arabic,المغرب,almaghrib,/ɪl.maɣ.rib/,
marnit,,,poison/venom,,poisonous,,,,,,Orostara,mar nit,,,
maron,basic,,brown,,brown,,,color,,7,Spanish,marrón,,/maˈron/,Proto-Celtic
Marox,proper,inspired by the Roman god of the underworld ,Pluto,,,,,space,,19,Orostara,mar hox,,,
marsin,,,omen,,,,,,,,Orostara,mar sin,death sign,,
mas,basic/slang,to a large degree; can be used as a casual honorific suffix,much/a lot/(honorific) mentor/person I look up to,,a lot/many/(colloquially) good,very,,,,,Urdu,مزید,mazid,/mə.ziːd̪/,Arabic
masak,,pair with 'sek',an early past,,early,early,,,,,Orostara,mas ak,,,
masaox,,commonly used with the -u ending as a greeting,good morning,,,,,,,,Orostara,mas saox,,,
masar,,,public,publicize,public,publicly,,,,,Orostara,mas sar,,,
masat,,,,run,,,,,,,Orostara,mas hat,walk a lot/very,,
masatan,,physically fight,,fight,,,,,,,Orostara,mas satan,hit a lot,,
masaxkom,,,improvement,improve,improved,,,,,,Orostara,mas ax kom,,,
masek,,,loner,,alone/solitary/lone,lonely,,,,,Orostara,mas ek,,,
mases,,,explanation,explain,,,,,,,Orostara,mas es,,,
masiuk,slang,not commonly used; reserved for extremely important relationships,,care deeply/(colloquially) love,,,,,,,Orostara,mas siuk,,,
maskamin,,,,chase/hunt,,,,,,,Orostara,mas kamin,follow a lot (or very follow?),,
maskap,,,skill,,,,,,,,Orostara,mas kap,gei nang,,
maskom,slang,,,,more,more,more than/(colloquially) better than,,,,Orostara,mas kom,,,
masnien,,,,,old,,,,,,Orostara,mas nien,,,
masot,,pair with 'sek',a late future,,late,late,,,,,Orostara,mas ot,,,
maspakan,,,penis,,,,,body,,39,Orostara,mas pakan,,,
maspax,,,preference/favor,prefer/favor/love/adore,,,rather,,,,Orostara,mas pax,,,
masraox,,,rat,,,,,animal/nature,,,Orostara,mas raox,big mouse,,
masrix,,,data/specifics/details/description,understand/describe,particular/specific/detailed,particularly/specifically/especially,,,,,Orostara,mas rix,,,
masuan,,commonly used with the -u ending as a greeting,,good evening ,,,,,,,Orostara,mas uan,,,
mat,basic,,material/matter/stuff/resource,,,,,,,,Arabic,مادة,mada,/maːd.da/,Arabic
max,basic,,magic,do magic/cast,magical,magically,,fantasy,,,Portuguese,magia,,/maˈʒi.ɐ/,Ancient Greek
maxan,,,,hurry,,,,,,,Orostara,mas xan,go a lot,,
maxaom,slang,only used in the Warren; condensed from the phrase 'ma xa o hama' that literally means 'you are (my) everything',,love,,,,,,,Orostara,ma x o y ham,,,
maxok,,,,stare,,,,,,,Orostara,mas xok,,,
maxor,,,,,hot/sweltering,,,,,,Orostara,mas xor,,masu,
Mayanmamur,proper,'mur' added for clarity,Myanmar/Republic of the Union of Myanmar,,,,,country,,,Burmese,မြန်မာ,myanmar,/mjàɴmà/,
Mehikomur,proper,'mur' added for clarity,Mexico/United Mexican States,,,,,country,,,Spanish,México,,/ˈmexiko/,
meir,basic,,charisma,charm/convince/assure/sweet talk/persuade,charming/charismatic,charmingly/charismatically,,,,,Mandarin Chinese,魅力,Mèilì,/meɪ̯⁵¹⁻⁵³ li⁵¹/,Proto-Sino
mek,basic,,creation/establishment/invention,make/create/manufacture/establish/invent,artificial,artificially,,,,,English,make,,/meɪk/,Proto-Germanic
Mekox,proper,inspired by the creator god in Tongva/Payomkawichum/Acjachemem mythology; also known as Chingichngish,Quaoar,,,,,space,,22,Orostara,mek hox,,,
mem,basic,,memory,memorize/remember,memorable,memorably,,,,,Italian,memoria,,/meˈmɔ.rja/,Latin
men,basic,,noodle/pasta,,,,,food,,,Japanese,麺類,Menrui,[mẽ̞nɾɯ̟ᵝi],Proto-Japonic?
mep,basic,,furniture,,,,,,,,Russian,мебель,mebel,[ˈmʲebʲɪlʲ],Latin
mer,basic,,west,,west,west,,direction,adv,4,Tamil,மேற்கு,mēṟku,/meːrku/,Proto-Dravidian
mes,basic,,message/text/email/mail,text/DM/send/transmit/upload,,,,,,,English,message,,/ˈmɛsɪd͡ʒ/,Latin
Mesox,proper,inspired by the messager of the gods in Roman mythology,Mercury,,,,,space,,9,Orostara,mes hox,flying planet,,
met,basic,Mostly used as an honorific suffix,mid-level employee,,,,,,,,Spanish,medio,,/ˈmedjo/,Latin
metot,basic,,method/technique/way/process/style,process,methodical,methodically,,,,,Spanish,método,,/ˈmetodo/,Ancient Greek
mey,basic,,toy,play with,,,,,,,Wu Chinese,玩,me,/me̞²³/,Proto-Sino
mi,,particle to indicate something is looking for confirmation; similar to tacking on:  'right?'  or  'isn't it?'  or  'aren't you?',,,,,,,,,Orostara,am,,,
mik,basic,,microbe/bacteria/virus/germ/pathogen/infection,infect,infected,,,nature/body,,,Spanish,microbio,,/miˈkɾobjo/,Ancient Greek
min,basic,,minute,,,,,measurement,,,Spanish,minuto,,/miˈnuto/,Latin
mipor,,,flour,,,,,food,,,Orostara,miy por,grain powder,,
mir,slang,Affectionate honorific suffix that means 'someone I take care of',beloved/baby/little sister/little brother,,,,,,,,Orostara,?,,,
Misramur,proper,'mur' added for clarity,Egypt/Arab Republic of Egypt,,,,,country,,,Arabic,مصر,Misr,/misˤr/,
mitut,basic,,locust/grasshopper/cricket/katydid,,,,,animal/nature,,,Telugu,మిడుత,miḍuta,/miɖut̪a/,Proto-Dravidian
mix,basic,,mixture/solution,mix,mixed,,,,,,Bangla,মিশ্রণ,Miśraṇa,/miśrɔnɔ/,Sanskrit?
miy,basic,,grain,,,,,food,,,Mandarin Chinese,米,Mǐ,/mi²¹⁴/,Proto-Sino
miyet,,the fabric,linen,,,,,,,,Orostara,miy et,,,
Miyox,proper,inspired by the Roman goddess of grain and agriculture,Ceres,,,,,space,,13,Orostara,miy hox,,,
mm,,,,,,,Mmhm/uh huh,interjection,oth,,Orostara,Am,Yes,,
mok,basic,,neck/throat,swallow,,,,body,,19,Korean,목,mog,[mo̞k̚],Proto-Koreanic
mokatup,,,esophogus ,,,,,body,,20,Orostara,mok tup,throat tube,,
moket,,,scarf,,,,,,,,Orostara,mok et,,,
mon,basic,,month,,monthly,,,,,,German,Monat,,/ˈmoːnat/,Proto-Germanic
mor,basic,,purple,,purple,,,color,,6,Spanish,morado,,/moˈɾado/,Latin
morup,basic,,desert,,,,,nature,,,Bangla,মরুভূমি,morubhumi,/mo.ru.bʱu.mi/,
mox,basic,,spice/seasoning,,seasoned,,,food,,6,Bangla,মশলা,Maśalā,/mɔʃla/,Arabic
muax,basic,,model,pose,,,,,,,Mandarin Chinese,模型,Móxíng,/mu̯ɔ³⁵ ɕiŋ³⁵/,Proto-Sino
muh,basic,,tree,,,,,plant/nature,,,Mandarin Chinese,木,Mù,/mu⁵¹/,Proto-Karen?
Muhox,proper,inspired by the Vietnamese term for Jupiter 'sao Mộc' meaning 'wood star' (referring to the Chinese idea of Wuxing and it's Five 'Elements'),Jupiter,,,,,space,,14,Orostara,muh hox,tree planet,,
muk,basic,,object/item/thing,,,,,,,,Vietnamese,mục,,[mʊwk͡p̚˧˨ʔ],Proto-Mon-Khmer
mukun,,,forest,,,,,nature,,,Orostara,muh kun,tree group,,
mumat,,,wood,,,,,,,,Orostara,muh mat,tree material,,
mur,basic,,country/nation/federation,,federal,federally,,,,,Urdu,ملک,mulk,/mʊlk/,Arabic
Musampikimur,proper,'mur' added for clarity,Mozambique/Republic of Mozambique,,,,,country,,,Portuguese,Moçambique,,/mu.sɐ̃ˈbi.kɨ/,
mut,basic,,purpose/mission/objective/task/goal/achievement/victory/success,achieve/reach/win/succeed/beat/conquer,purposeful/successful,purposefully,for,,,,Mandarin Chinese,目的,Mùdì,/mu⁵¹⁻⁵³ ti⁵¹/,Proto-Sino
mutakarim,,,preposition/particle,,,,,,,,Orostara,mut karim,purpose word,,
mutir,basic,,urine,pee,,,,body,,62,Tamil,மூத்திரம்,mūttiram,/muːt̪ːiɾɐm/,Sanskrit
mutirtup,,,urethra,,,,,body,,33,Orostara,mutar tup,,,
mux,basic,Mostly used as an honorific suffix,director/supervisor,,,,,,,,Arabic,مُشْرِف,mušrif,/muʃrif/,Arabic
nah,basic,repeated 'nan' is more commonly used colloquially,nothing/none/zero,is not/(colloquially) don't/won't,not/0,not,no,number,,1,Bangla,না,Nā,/na/,Sanskrit
nahap,,quick way to say something is not belonging to someone or that they don’t have something,,,,,not of,,,,Orostara,nah hap,,,
nahis,slang,,,,,,unless/until,,,,Orostara,nah is,,,
nahix,,,,exhaust,tired/exhausted/weary,,,,,,Orostara,nah ix,,,
nahot,,pair with 'sek',never will,,,,,,,,Orostara,nah ot,,,
namasar,,,private,,private,privately,,,,,Orostara,nah masar,,,
namut,,,failure,fail,useless,,,,,,Orostara,nah mut,,,
n,slang,,,is not,,,,,,,Orostara,nah o,,,
nan,slang,informal slang; adverb meaning: nothing more than,nothing/none,don't/won't,not,only/merely/just,no,,,,Orostara,nah,,,
nan,slang,informal slang; response to 'thank you' similar to 'no problem; it's nothing',no problem/you're welcome,,,,,,,,Orostara,nah,,,
naneh,,,silence,silence,silent,silently,,,,,Orostara,nah neh,no sound,,
nanit,,,,,dry,,,,,,Orostara,nah nit,,,
nap,slang,slang; short form; quick way to say something is not belonging to someone or that they don’t have something,,,,,not of,,,,Orostara,nahap,,,
napor,,,,,casual,casually,,,,,Orostara,nah por,,,
napox,,,beast/creature,,,,,fantasy,,,Orostara,nah pox,,,
narap,,,,,smooth,,,,,,Orostara,nah raf,no texture,,
nasek,,,,,,never,never,,,,Orostara,nah sek,,,
nasim,,,difference,differ/vary,different/unique/varying/other,differently/uniquely,,,,,Orostara,nah sim,,,
nasimsis,,,diversity,diversify,diverse,diversely,,,,,Orostara,nasim sis,,,
nasit,,,lie/trick/forgery,lie/trick/fake,false/untrue/fake,falsely,,,,,Orostara,nah sit,,,
naxan,,(temporal) pair with 'sek',(temporal) never before,stop/freeze/paralyze,still/motionless,motionlessly,,,,,Orostara,nah xan,,,
naxar,slang,softer insult than 'tanxar',fool,,unintelligent/naive,,,,,,Orostara,nah xar,,,
naxintay,,,,,lazy,,,,,,Orostara,nah xin tay,no activity,,
nayix,,,oddity,,strange/odd/weird/unexpected/abnormal,strangely/oddly,,,,,Orostara,nah yix,not expected,,
nayoy,,,,,clumsy/awkward,,,,,,Orostara,nah yoy,,,
Nayxiriamur,proper,'mur' added for clarity,Nigeria/Federal Republic of Nigeria,,,,,country,,,English,Nigeria,,/naɪˈd͡ʒɪɹ.i.ə/,
neh,basic,,noise/sound/volume,hear/listen,loud,loudly,,measurement,,,Vietnamese,nghe,,[ŋɛ˧˧],Proto-Vietic
nehor,,,ear,,,,,body,,13,Orostara,neh or,,,
nen,basic,,advice/offer/suggestion,should/ought/supposed to/advise/suggest/propose/recommend/offer,advisable,,,,,,Vietnamese,nên,,[nen˧˧],Muong
nep,basic,,nine,,9,,,number,,10,French,neuf,,/nœf/,Latin
Neparmur,proper,'mur' added for clarity,Nepal/Federal Democratic Republic of Nepal ,,,,,,,,Nepali,नेपाल,Nēpāla,[nepäl],
nes,basic,,necessity/need/requirement,need/depend/rely on/require,necessary/essential,necessarily,,,,,Spanish,necesidad,,/nesesiˈdad/,Latin
net,basic,,leader/guide/management/leadership,lead/guide/manage/control,controlling,,,value,,,Hindi,नेता,neta,/neː.t̪ɑː/,Sanskrit
netasis,,,administration/government/politics,administrate/govern,administrative/political,,,,,,Orostara,net sis,,,
ney,basic,,inside/entrance,enter/put in,inside,,in/into/throughout,preposition,oth,,Mandarin Chinese,内,Nèi,/neɪ̯⁵¹/,Proto-Sino
ni,,particle to indicate something is a rhetorical question ,,,,,,,,,Orostara,nah ki,,,
nien,basic,,year/age,age,yearly/annual/aged/mature,,,measurement,,,Mandarin Chinese,年,Nián,/ni̯ɛn³⁵/,Proto-Sino
nih,basic,,greeting,hi/hello/greet,,,,,,,Mandarin Chinese,你好,Nǐ hǎo,/ni²¹⁴⁻³⁵ xɑʊ̯²¹⁴⁻²¹⁽⁴⁾/,Proto-Sino
Nihonmur,proper,'mur' added for clarity,Japan,,,,,country,,,Japanese,日本,Nihon,[ɲ̟ihõ̞ɴ],
Nihontar,proper,語 replaced with 'tar',Japanese,,,,,language,,,Japanese,日本語,Nihongo,,
nik,basic/swear,vulgar now; use 'ak' for chest,chest/breast/(colloquially) tit/tits,,,,,body,,23,Vietnamese,ngực,,[ŋɨk̚˧˨ʔ],Proto-Vietic
nikas,,virtual,class/school,,,,,,,,Orostara,niy kas,,,
nikos,,,sternum,,,,,body,,24,Orostara,nik kos,chest bone,,
nin,basic,,sleep,sleep,sleepy/tired,,,,,,Hindi,नींद,nīnd,/nind/,Sanskrit
ninsax,,,,dream,,,,,,,Orostara,nin sax,,,
nip,,Ni suffix comes from the chemical symbol for nickel,nickel,,,,,,,,Orostara,ni peres,,,
nipat,basic,,election,elect/vote,,,,,,,Marathi,निवडून,Nivaḍūna,,Unknown
nipatasis,,,democracy,,democratic,democratically,,,,,Orostara,nipat sis,,,
nir,basic,,length/meter/distance,extend,long/distant/far,distantly,,measurement,,,Tamil,நீளம்,Nīḷam,/n̪iːɭɐm/,Unknown
nirum,,on Earth; physical; for Venus see 'nikas',class,,,,,,,,Orostara,niy rum,,,
nis,basic,,art,,artistic,,,,,,Wu Chinese,艺术,gni-zeq,/n̠ʲi²² zəʔ⁴⁴/,Proto-Sino
nisar,,,artist,,,,,,,,Orostara,nis sar,art person,,
nit,basic,all drinks are 'water' unless otherwise specified ,water,drink,watery/wet,,,food,,0,Telugu,నీటి,Nīṭi,/niːʈi/,Proto-Dravidian
Nitox,proper,inspired by the Chinese water god,Gonggong,,,,,space,,24,Orostara,nit hox,,,
nitrup,,the metal,mercury,,,,,,,,Orostara,nit rup,water silver,,
nix,basic/slang,,bottom/underside,lower,low/(colloquially) inferior/(slang) sad,down,under/below/beneath,direction/preposition,adv/oth,6,Russian,ниже,nizhe,[ˈnʲiʐɨ],Proto-Slavic
nixem,,used when referring to the emotion,sadness/sorrow/depression,,sad/depressed,,,,,,Orostara,nix em,,,
nixet,,,underwear,,,,,,,,Orostara,nix et,,,
nixisan,,time of year,winter,,,,,,,,Orostara,nix sisan,,,
nixit,,,anus,,,,,body,,32,Orostara,nix xit,bottom hole,,
nixtay,,used when referring to the effect of something on you/others,,,sad/sorrowful/depressing,,,,,,Orostara,nix tay,low attitude,,
nixter,,,valley,,,,,nature,,,Orostara,nix ter,,,
niy,basic,,learning/analysis/research,learn/study/practice/analyze/investigate,studious,,,,,,Wu Chinese,研,gni,/n̠ʲi⁵³/,Proto-Sino
niyot,,on Earth; physical; for Venus see 'nikas',school/university/college,,,,,,,,Orostara,niy tah,learn place,,
nn,,,,,,,mm mm/nuh uh,interjection,oth,,Orostara,nah,,,
nom,basic,,name,,,,,,,,Portuguese,nome,,/ˈnõ.mi/,Latin
nop,basic,,,,new/novel/fresh,,,,,,Portuguese,novo,,/ˈno.vu/,Latin
num,basic,,number/amount/quantity/limit,count/measure,,,,measurement,,,Spanish,número,,/ˈnumeɾo/,Latin
numetot,,,calculation,calculate,,,,,,,Orostara,num metot,,,
numniy,,,math,,,,,,,,Orostara,num niy,,,
numsar,,,mathematician,,,,,,,,Orostara,num sar,,,
nun,basic,,density,,thick/dense/viscous,,,measurement,,,Mandarin Chinese,浓厚,Nónghòu,/nʊŋ³⁵ xoʊ̯⁵¹/,Proto-Sino
nur,basic,,effort/attempt,try/attempt,,,,,,,Mandarin Chinese,努力,Nǔlì,/nu²¹⁴⁻²¹ li⁵¹/,Proto-Sino
nuy,basic,,mountain,,,,,nature,,,Vietnamese,núi,,[nuj˧˦],Proto-Vietic
o,basic,indicate an 'is/am/are' phrase; optional and used for clarity,,,,,,,,,Orostara,?,,,
ok,,,,,okay/ok/O.K.,okay/ok/O.K.,,,,,English,okay,,,
okarim,,,verb,,,,,,,,Orostara,o karim,,,
omin,,for general times; 'in the next ten minutes'; see 'pamin' for discrete times like 'ten minutes later',future minute,,,,,,,,Orostara,ot min,,,
omon,,for general times; 'in the next ten months'; see 'pamon' for discrete times like 'ten months later',future month,,,,,,,,Orostara,ot mon,,,
on,basic,if no noun after then assume common sense 'me' or 'you',possession/property,have/possess/own,possessive,possessively,of/from,economy,,,English,own,,/oʊn/,Proto-Germanic
onak,basic,,fungus/mushroom,,,,,nature,,,Spanish,hongo,,[ˈõŋ.ɡo],Latin
onien,,for general times; 'in the next ten years'; see 'panien' for discrete times like 'ten years later',future year,,,,,,,,Orostara,ot nien,,,
op,basic,,opening/start/beginning/source/origin,open/turn on/start/begin,open/on,,from (as in from here to there)/since,preposition,oth,,English,open,,/ˈoʊ.pən/,Proto-Germanic
oprikat,basic,,gratitude,thank/thanks/thank you,,,,,,,Portuguese,obrigado,,/o.bɾiˈɡa.du/,Latin
oprikatun,,short form for 'tanyafato kohun'; follow with a subordinate clause; see 'tanyun' to sound more informal,,,,,thank you for ,,,,Orostara,oprikat hun,,,
opriy,slang,informal slang; short form,,thanks/thx,,,,,,,Orostara,oprikat,,,
opriyun,slang,slang; short form for 'tanyo kohun'; follow with a subordinate clause; see 'tanyafatun' to sound more formal,,,,,thanks for,,,,Orostara,opriy hun,,,
or,basic,,organ/body part,,,,,body,,5,Spanish,órgano,,[ˈoɾ.ɣ̞a.no],Ancient Greek
oros,basic,used in the Warren on Venus to mean people who lick the corporation's boots ,snake/(colloquially) corporate scum ,,,,,animal/nature,,,Orostara,?,,,
orp,slang/swear,slang swear; less vulgar than 'kax',dumbass/idiot,,stupid,,,,,,Mandarin Chinese,二屄,,/ˀɤɻ⁵¹ pi⁵⁵/,
osek,,for general times; 'in the next ten seconds'; see 'pasek' for discrete times like 'ten seconds later',future second,,,,,,,,Orostara,ot sek ,,,
Ospekamur,proper,'stan' replaced with 'mur' for clarity,Uzbekistan/Republic of Uzbekistan,,,,,country,,,Uzbek,O'zbekiston,,/ozbekiˈstɒn/,
ot,basic,,(temporally) future,come/approach,(physically) coming/(temporally) future,,,,,,Korean,오다,oda,[o̞da̠],Proto-Koreanic
oten,,for general times; 'in the next ten days'; see 'paten' for discrete times like 'ten days later',future day,,,,,,,,Orostara,ot ten,,,
oxas,,for general times; 'in the next ten hours'; see 'paxas' for discrete times like 'ten hours later',future hour,,,,,,,,Orostara,ot xas,,,
pah,basic,,outside/exit,leave/exit/exclude,outside,out,out from/out of,preposition,oth,,Hindi,बाहर,baahar,/bɑː.ɦəɾ/,Sanskrit
pahar,basic,,bird,,,,,animal/nature,,,Spanish,pájaro,,[ˈpa.xa.ɾo],Latin
Paharox,proper,"inspired by the creator of humanity/god of fertility/chief god of the ""Tangata manu"" or bird-man sect in Rapa Nui",Makemake,,,,,space,,23,Orostara,pahar hox,,,
Pahasamur,proper,'mur' added for clarity,France,,,,,country,,,French,France,,/fʁɑ̃s/,
Pahasetar,proper,'tar' added for clarity,French,,,,,language,,,French,français,,/fʁɑ̃.sɛ/,
pak,basic,,money/dollar/credit/payment/finance/value,pay/spend/afford,expensive/valuable/rich/financial,,,economy,,,Spanish,pagar,,/paˈɡaɾ/,Latin
pakan,basic/slang,when used colloquially it just means gentials in general,phallus/penis/clitoris/clit/(colloquially) genitals,,(colloquially) have sex,,,body,,38,Bangla,ভগাঙ্কুর,bhogaṅkur,/bʱɔ.ɡɑŋ.kuɾ/,Sanskrit
pakanik,,,clit/clitoris,,,,,body,,40,Orostara,pakan ik,little phallus,,
pakar,basic,,judgement,judge,judgy ,,,,,,Mandarin Chinese,法官,Fǎguān,/fä²¹⁴⁻²¹ ku̯än⁵⁵/,Proto-Sino
pakasar,,,accountant,,,,,,,,Orostara,pak sar,money person,,
pakasis,,,economy,,economic,,,,,,Orostara,pak sis,,,
Pakmur,proper,'stan' replaced with 'mur' for clarity,Pakistan/Islamic Republic of Pakistan,,,,,country,,,Punjabi,ਪਾਕਿਸਤਾਨ,Pākisatāna,/ˈpäː.kɪs.t̪äːn/,
pam,basic,the direction of left (vs right),left,,,left,,direction,adv,8,Bangla,বামে,bāmē,/bame/,Sanskrit?
pamin,,for discrete times; 'ten minutes later'; see 'omin' for general times like 'in the next few minutes',next minute,,,,,,,,Orostara,pas min,,,
pamon,,for discrete times; 'ten months later'; see 'omon' for general times like 'in the next few months',next month,,,,,,,,Orostara,pas mon,,,
pamur,,,,,foreign,,,,,,Orostara,pah mur,,,
pan,basic,,company,accompany,,together,by/beside/with,preposition,oth,,Mandarin Chinese,旁,Páng,/pʰɑŋ³⁵/,Proto-Sino
panat,basic,,sneeze,sneeze,,,,body,,69,Mandarin Chinese,喷嚏,pēntì,/pʰən⁵⁵ tʰi⁵¹/,Proto-Sino
panien,,for discrete times; 'ten years later'; see 'onien' for general times like 'in the next few years',next year,,,,,,,,Orostara,pas nien,,,
panin,basic,,reaction/response/answer,react/respond/reply/answer,reactive/responsive,responsively,,,,,Cantonese,反应,faan2 jing3,/faːn³⁵ jɪŋ³³/,Proto-Japonic
Panratar,proper,'tar' added for clarity,Bangla/Bengali,,,,,language,,,Bangla,বাংলা,Bānlā,/baŋla/,
Panratexmur,proper,'mur' added for clarity,Bangladesh/People's Republic of Bangladesh,,,,,country,,,Bangla,বাংলাদেশ,Bānlādēśa,/baŋlad̪eʃ/,
panur,basic,,needle/pin,,,,,,,,Korean,바늘,baneul,[pa̠nɯɭ],Proto-Koreanic
Panxapitar,proper,'tar' added for clarity,Punjabi,,,,,language,,,Punjabi,ਪੰਜਾਬੀ,Pajābī,/pən.d͡ʒɑː.bːi/,
paox,basic,,insurance,insure ,insured,,,economy,,,Mandarin Chinese,保险,Bǎoxiǎn,/pɑʊ̯²¹⁴⁻³⁵ ɕi̯ɛn²¹⁴⁻²¹⁽⁴⁾/,Proto-Sino
pap,basic,,price/bill/invoice/cost/receipt/fee,charge,,,,economy,,,Mandarin Chinese,发票,Fāpiào,/fä⁵⁵ pʰi̯ɑʊ̯⁵¹/,Proto-Sino
par,slang,Affectionate honorific suffix that means 'someone who takes care of me',mommy/daddy/big sister/big brother/autie/uncle/etc,,,,,,,,Orostara,,,,
Parasiumur,proper,'mur' added for clarity,Brazil/Federal Republic of Brazil,,,,,country,,,Portuguese,Brasil,,/bɾaˈziw/,
Paratmur,proper,'mur' added for clarity,India/Republic of India,,,,,country,,,Hindi,भारत,bhaarat,/bʱɑː.ɾət̪/,
Parsakamur,proper,'mur' added for clarity,Poland/Rzeczpospolita Polska/Republic of Poland,,,,,country,,,Polish,Polska,,/ˈpɔl.ska/,
Parsitar,proper,'tar' added for clarity,Farsi/Persian,,,,,language,,,Farsi,فارسی,fârsi, /fɒːɾsiː/,
pas,basic,,back/(anatomical) back/butt/(temporally) next time,,back,backwards,(physically) behind/in back of/last/(temporally) after/next,direction/preposition,adv/oth,10,Russian,позади,pozadí,[pəzɐˈdʲi],Proto-Slavic
pasek,,for discrete times; 'ten seconds later'; see 'osek' for general times like 'in the next few seconds',next second,,,,,,,,Orostara,pas sek,,,
paset,,specificially bottoms; use 'nixet' for 'underwear' generally,underwear,,,,,,,,Orostara,pas et,,,
pasir,basic,,ease/simplicity,ease/simplify,easy/simple/basic,easily/simply/only/just,,,,,Spanish,fácil,,/ˈfasil/,Latin
pasirekep,,,,,delicate/fragile/breakable,,,,,,Orostara,pasir kep,easily damaged,,
paskos,,,spine,,,,,body,,22,Orostara,pas kos,back bone,,
pasten,,for discrete times; 'ten days later'; see 'oten' for general times like 'in the next few days',tomorrow/next day,,,,,,,,Orostara,pas ten,,,
pat,basic,,foot/step,step,,,,body,,57,Tamil,பாதம்,pātam,/paːd̪ɐm/,Sanskrit
pataxot,,,ankle,,,,,body,,56,Orostara,pat xot,,,
patet,,,socks/sock,,,,,,,,Orostara,pat et,,,
pax,basic,,joy/enjoyment/fun/delight,like/enjoy/fond of,happy/fun/enjoyable,happily,,,,,Bangla,পছন্দ,Pachanda,/pɔtɕʰond̪o/,Proto-Iranian
paxan,basic,,weight/mass/gram/gramme,weigh,heavy,,,measurement,,,Gujarati,વજન,vajan,/ʋədʒən/,Arabic
paxas,,for discrete times; 'ten hours later'; see 'oxas' for general times like 'in the next few hours',next hour,,,,,,,,Orostara,pas xas,,,
paxit,basic,,budget,budget,,,,economy,,,English,budget,,/ˈbʌd͡ʒ.ɪt/,Latin
paxpok,,,smile,smile,,,,,,,Orostara,pax pok,happy mouth,,
pay,basic,Can be used as an honorific suffic ,baby/infant,,,,,,,,Javanese,bayi,,/baji/,Old Javanese
pay,slang,informal slang; short form,,,,please,,,,,Orostara,karipay,,,
payney,,,,,pregnant,,,,,,Orostara,pay ney,,,
Payneyox,proper,inspired by the matron goddess of Hawai'i/goddess of fertility ,Haumea,,,,,space,,21,Orostara,pay ney hox,,,
payor,,,uterus,,,,,body,,42,Orostara,pay or,baby organ,,
peix,basic,,fish,,,,,animal/nature,,,Portuguese,peixe,,/ˈpe(j).ʃi/,Latin
pen,basic,marker to indicate what the dependent clause is modifying/acting as; also used to refer to an unspecified situation/idea/concept,such/this/that,,such,,,,,,Orostara,?,,,
Penesueramur,proper,'mur' added for clarity,Venezuela/Bolivarian Republic of Venezuela,,,,,country,,,Spanish,Venezuela,,/beneˈswela/,
pep,basic,,kin/relative/family member/cousin/aunt/uncle,,,,,honorific,,,German,verwandte,,/fɛɐ̯ˈvantə/,Proto-Germanic
pepakun,,,family,,,,,,,,Orostara,pep kun,,/faˈmi.li.ɐ/,
per,basic,,sphere/ball,,round,,,shape,,,Spanish,pelota,,/peˈlota/,Latin
perek,basic,,nail/tack,nail/tack,,,,,,,Bangla,পেরেক,Pērēka,/peɹek/,Latin
peres,basic,,metal,,metallic,metallically,,,,,Farsi,فلز,felez,/felez/,Aramaic
perton,basic,,courtesy/manners,forgive/(using -u ending) excuse me/pardon me,polite,,,value,,,Spanish,perdón,,/peɾˈdon/,Latin
Perumur,proper,'mur' added for clarity,Peru/Republic of Peru,,,,,country,,,Spanish,Perú,,,
pes,basic/slang,refers to a substance with a pH greater than neutral,base,,basic/bitter/(colloquially) rude/mean,,,food,adj,4,English,base,,/beɪs/,Ancient Greek
pet,basic,,seat/(colloquially) butt,sit,,,,,,,Hindi,बैठना,baithana,/bɛːʈʰ.nɑː/,Sanskrit
petamep,,,chair,,,,,,,,Orostara,pet mep,sit furniture,,
pex,basic,,bean,,,,,food,,,Portuguese,feijão,,/fe(j)ˈʒɐ̃w̃/,Ancient Greek
pey,basic,,adipose,fatten,fat/fatty,,,body/food,adj,2,Cantonese,肥,fei4,/fei̯²¹/,Proto-Sino
Piatar,proper,'tiếng' replaced with 'tar' for clarity,Vietnamese,,,,,language,,,Vietnamese,tiếng việt,,[tiəŋ˧˦ viət̚˧˨ʔ],
Piatnamur,proper,'mur' added for clarity,Vietnam/Socialist Republic of Vietnam,,,,,country,,,Vietnamese,Việt Nam,,[viət̚˧˨ʔ naːm˧˧],
pien,basic,,edge/border/limit/line,,,,,,,,Mandarin Chinese,边界,Biānjiè,/pi̯ɛn⁵⁵ t͡ɕi̯ɛ⁵¹/,Proto-Sino
piensun,,,stripe ,,striped,,,,,,Orostara,pien sun,,,
pies,basic,,party/congratulations/congrats,celebrate/congratulate,,,,,,,Spanish,fiesta,,/ˈfjesta/,Latin
pik,basic,,complexity,complicate,complex/complicated,,,,,,Vietnamese,phức tap,,[fɨk̚˧˦ taːp̚˧˨ʔ],Proto-Sino
pin,basic,,dot/point/spot,,,,,,,,Hindi,बिंदु,bindu,/bɪn.d̪uː/,Sanskrit
pinam,basic,,screen/display/interface,,,,,,,,Mandarin Chinese,屏幕,Píngmù,/pʰiŋ³⁵ mu⁵¹/,Proto-Sino
pinsun,,,polka dot,,polka dotted/dotted,,,,,,Orostara,pin sun,,,
pinxin,basic,,mean/average,normalize,average/normal,,,,,,Mandarin Chinese,平均,Píngjūn,/pʰiŋ³⁵ t͡ɕyn⁵⁵/,Proto-Sino
pir,basic,,cat,,,,,animal/nature,,,Hindi,बिल्ली,billee,/bɪl.liː/,Sanskrit
pirax,basic,,problem/obstacle/issue,block/cause a problem,blocked/problematic,,,,,,Tamil,பிரச்சினை,piracciṉai,/piɾɐt͡ɕːinaɪ̯/,Sanskrit
pirik,,,kitty/kitten,,,,,animal/nature,,,Orostara,pir ik,,,
Piripinasmur,proper,'mur' already included! No need to add,Phillipines/Republic of the Philippines,,,,,country,,,Filipino,Pilipinas,,/piliˈpinas/,
pis,basic,,scent/odor/smell,sniff/smell,,,,,,,Mandarin Chinese,鼻子,Bízi,/pi³⁵ d͡z̥z̩³/,Proto-Sino
pisor,,,nose,,,,,body,,14,Orostara,pis or,,,
pit,basic,,plant/vegetable,,,,,plant/nature/food,,0,Turkish,bitki,,/bitki/,Proto-Turkic
pitux,basic,,belief/trust,believe/trust/entrust,believable/honest,,,,,,Italian,Fiducia,,/fiˈdu.t͡ʃa/,Latin
pix,basic,,seed,,,,,food/plant/nature,,1,Bangla,বীজ,Bīja,/bidʒ/,Sanskrit
poh,basic,,strength/force,push/shove/pull,strong/forceful,strongly/forcefully,,measurement,,,Portuguese,força,,/ˈfoʁ.sɐ/,Latin
Pohtukesatar,proper,'tar' added for clarity,Portuguese,,,,,language,,,Portuguese,portuguesa,,/poʁ.tuˈɡe.zɐ/,
pok,basic,,mouth,(colloquially) suck,,,,body,,15,Portuguese,boca,,/ˈbo.kɐ/,Proto-Celtic
poknit,,,saliva,,,,,,,,Orostara,pok nit,,,
pon,basic,,four,,4,,,number,,5,Vietnamese,bốn,,[ʔɓon˧˦],Proto-Mon-Khmer
poner,basic,,,lay/lie down/place/put,,,,,,,Spanish,poner,,/poˈneɾ/,Latin
ponin,,named for the number of points on the shape,square/rectangle/diamond,,square/rectangular,,,shape,,,Orostara,pon hin,,,
pontix,,named for the number of faces on the object,tetrahedron,,tetrahedral,,,shape,,,Orostara,pon tix,,,
por,basic,,powder,crush/pulverize,powdery,,,,,,Spanish,polvo,,/ˈpolbo/,Latin
poram,basic,,,officiate,official/formal/serious,officially/formally/seriously,,,,,Spanish,formal,,/foɾˈmal/,Latin
posat,,,steel,,,,,,,,Orostara,poh sat,strong iron,,
pot,basic,,contest/competition,compete,competitive ,competitively,,,,,Telugu,పోటీ,Pōṭī,/poːʈiː/,Proto-Dravidian
pox,basic,,animal,,animalistic,animalisticly,,animal/nature,,,Bangla,পশু,pôshu,,Sanskrit
Poxpuritar,proper,'tar' added for clarity,Bhojpuri,,,,,language,,,Bhojpuri,भोजपुरी,bhojapuree,/bʱoːd͡ʒ.pʊ.ɾiː/,
poy,basic,,chicken,,,,,animal/nature,,,Spanish,pollo,,/ˈpoʝo/,Latin
puah,basic,,,disgust,disgusting/repulsive,,ew/yuck,interjection,oth,,Spanish,puaj,,/ˈpwax/,Unknown
pum,basic,,paper,,,,,,,,Russian,бумага,bumaga,[bʊˈmaɡə],Ancient Greek
pun,basic,,part/piece/section/element/fraction/decimal/ratio,divide,,partly,per/for,preposition,oth,,Korean,분할,bunhal,[punɦa̠ɭ],Proto-Sino
pur,basic,,flower,,flowery,,,plant/nature,,,Hindi,फूल,phool,/pʰuːl/,Sanskrit
purah,basic,,jump,jump,,,,,,,Portuguese,pular,,[puˈla(h)],Latin
puran,basic,,decomposition,decompose/rot/decay/fester,,,,,,,Mandarin Chinese,腐烂,Fǔlàn,/fu²¹⁴⁻²¹ län⁵¹/,Proto-Sino
puras,basic,,chance/opportunity,,,,,,,,Arabic,فرصة,furṣa,/fur.sˤa/,Arabic
pus,basic,mainly used to differentiate between physical and virtual,reality/existence,exist,physical/real,physically,,,,,Japanese,物理,Butsuri-teki,[bɯ̟ᵝt͡sɨᵝɾʲi],Proto-Sino
puset,slang/swear,slang swear; more vulgar than 'xit'; can be used to call someone a bottom,hole/fuckhole/pussy/asshole/cunt,fuck,fucking,,,,,,Portuguese,boceta,,/buˈse.tɐ/,
put,slang/swear,slang swear; used as an insult and an intensifier; mildly offensive ,bitch/bastard/whore/slut,,fucking,,,,,,Spanish/Portuguese,puta,,/ˈpu.tɐ/,
Putuntar,proper,话 replaced with 'tar',Mandarin Chinese,,,,,language,,,Mandarin Chinese,普通话,Pǔtōnghuà,/pʰu²¹⁴⁻²¹ tʰʊŋ⁵⁵ xu̯ä⁵¹,
rah,basic,,spice/pepper,,spicy/hot,,,food,adj,,Mandarin Chinese,辣,là,/lä⁵¹/,Proto-Sino
rais,basic,,vehicle/car,drive,,,,,,,Vietnamese,lái xe,,[laːj˧˦ sɛ˧˧],Proto-Sino
rak,basic,,blood,bleed,bloody,,,body,,59,Marathi,रक्त,Rakta,/ɾək.t̪ə/,Sanskrit
rakatup,,,artery/vein,,,,,body,,4,Orostara,rak tup,blood tube,,
rakax,basic,,monster/demon,,monsterous,monsterously,,fantasy,,,Hindi,राक्षस,Rākṣasa,/ɾɑːk.ʂəs/,Sanskrit
rakor,,,heart,,,,,body,,28,Orostara,rak or,blood organ,,
Rakox,proper,inspired by মঙ্গল or Mangala who is a Hindu god of war ,Mars,,,,,space,,12,Orostara,rak hox,blood planet,,
ram,basic,,branch/stick,split,,,,plant/nature,,4,Spanish,rama,,/ˈrama/,Latin
ran,basic,,color/shade/tone/paint,paint,colorful/vivid/saturated,,,color,,0,Hindi,रंग,rang,/ɾəŋɡ/,Sanskrit
raox,basic,,mouse/rodent,,,,,animal/nature,,,Mandarin Chinese,老鼠,Lǎoshǔ,/lɑʊ̯²¹⁴⁻³⁵ ʂu²¹⁴⁻²¹⁽⁴⁾/,Proto-Sino
rap,basic,,texture,,rough/harsh,,,,,,English,rough,,/ɹʌf/,Proto-Germanic
ras,basic,,secret/mystery/cover,hide/cover,,,,,,,Farsi,راز,râz,/ɾɒːz/ ,Proto-Iranian
rasam,basic,,drawing,draw,,,,,,,Arabic,رَسَمَ,rasam,/ra.sa.ma/,Arabic
Rasiyamur,proper,'mur' added for clarity,Russia/Russian Federation,,,,,country,,,Russian,Россия,Rossiya,[rɐˈsʲijə],
rastay,,,,,shy,,,,,,Orostara,ras tay,,,
rax,basic,,house/lodge/home/apartment,dwell/reside/live/inhabit,homey,,,,,,French,loger,,/lɔ.ʒe/,Proto-Germanic
ray,basic,,light,,bright,,,,,,English,light,,/laɪt/,Proto-Germanic
Rayox,proper,inspired by the Hindi name for Venus शुक्र meaning 'bright',Venus,,,,,space,,10,Orostara,ray hox,light planet,,
rayxas,,,daylight/daytime,,,,,,,,Orostara,ray xas,,,
rek,basic,,rule/law/policy/requirement/command/order,must/have to/need to/require to/command/order,lawful/strict,lawfully/strictly,,,,,Spanish,regla,,/ˈreɡla/,Latin
rekasar,,,lawyer,,,,,,,,Orostara,rek sar,law person,,
ren,basic,,continuation/endurance,bear/stand/endure/last/continue,continuous/perpetual,continuously/perpetually,,,,,Mandarin Chinese,忍受,Rěnshòu,/ʐən²¹⁴⁻²¹ ʂoʊ̯⁵¹/,Proto-Sino
rep,basic,,discovery/finding,discover/find/reveal/show/point/indicate,,,,,,,Spanish,revelar,,/rebeˈlaɾ/,Latin
res,basic,the mechanical device,spring,,,,,,,,Spanish,resorte,,/reˈsoɾte/,Latin
ret,basic,,red,,red,,,color,,1,English,red,,/ɹɛd/,Proto-Germanic
retikus,slang,slang; kind of derogatory ,(colloquially) someone from Mars,,,,,,,,Orostara,ret kus,,,
rey,basic,,class/category/genre/kind/type,,,,,,,,Mandarin Chinese,类,Lèi,/leɪ̯⁵¹/,Proto-Sino
rik,basic,,,go away/leave,,away,away from,preposition,oth,,Mandarin Chinese,离开,Líkāi,/li³⁵ kʰaɪ̯⁵⁵/,Proto-Sino
rikit,basic,,liquid,melt/condense,,,,,,,Spanish,líquida,,/ˈlikido/,Latin
rim,basic,,maintenance,stay/remain/keep/maintain,,still,,,,,English,remain,,/ɹɪˈmeɪn/,Latin
rip,basic,,leaf,,,,,plant/nature,,5,English,leaf,,/liːf/,
riper,basic,,,release/let go,free,,,,,,Spanish,liberar,,/libeˈɾaɾ/,Latin
ris,basic,,wind,,,,,,,,Turkish,rüzgâr,,/ɾyzˈɟɑɾ/,Old Persian
rit,basic,,theory,theorize/suspect/hypothesize,theoretical/hypothetically,theoretically/hypothetically,,,,,Vietnamese,lí thuyết,,[li˧˦ tʰwiət̚˧˦],Proto-Sino
rix,basic,,knowledge/fact/information/understanding,know/identify/determine/recognize/understand,known/familiar,,,,,,Mandarin Chinese,理解,Lǐjiě,/li²¹⁴⁻³⁵ t͡ɕi̯ɛ²¹⁴⁻²¹⁽⁴⁾/,Proto-Sino
rixasar,,,expert,,,,,,,,Orostara,rix sar,knowledge person,,
rixat,basic,,solution/answer/resolution,solve/resolve,,,,,,,Russian,решать,reshat,[rʲɪˈʂatʲ],Proto-Slavic
rixin,basic,,exploration/journey/trip,explore/adventure,adventurous,adventurously,,,,,Mandarin Chinese,旅行,Lǚxíng,/ly²¹⁴⁻²¹ ɕiŋ³⁵/,Proto-Sino
riy,basic,,river,,,,,nature,,,Spanish,río,,[ˈri.o],Latin
rok,basic,,oil,,oily,,,food,,,Farsi,روغن,rowğan,[ɹow.ɢæn],Proto-Iranian
ron,basic,,egg,,,,,body/food,,44,Cantonese,卵,leon,/lɵn³⁵/,
ronor,,,ovary,,,,,body,,43,Orostara,tamak or,egg organ,,
ruk,basic,,six,,6,,,number,,7,Cantonese,六,luk,/lʊk̚²/,Proto-Sino
rukatix,,named for the number of faces on the object,cube/rectangular prism/box,,cubic/rectangular,,,shape,,,Orostara,ruk tix,,,
rukin,,named for the number of points on the shape,hexagon,,hexagonal,,,shape,,,Orostara,ruk hin,,,
rum,basic,,room,,,,,,,,English,room,,/ɹum/,Proto-Germanic
run,basic,,moon,,,,,space,,3,Spanish,luna,,/ˈluna/,Latin
rup,basic,,silver,,,,,,,,Bangla,রূপা,rupa,,
ruparat,,,platinum ,,,,,,,,Orostara,rup arat,silver gold,,
Ruskitar,proper,ком replaced with 'tar',Russian,,,,,language,,,Russian,русский,russki,[ˈruskʲɪj],
rut,basic,,bread,,,,,food,,,Bangla,রুটি,ruṭi,/ruʈi,Sanskrit
rux,basic,,horn/antler,,,,,body,,11,Mandarin Chinese,鹿角,Lùjiǎo,/lu⁵¹ t͡ɕi̯ɑʊ̯²¹⁴⁻²¹⁽⁴⁾/,Proto-Sino
sahar,basic,,rock/stone,,,,,nature,,,Arabic,صخر,ṣaḵr,/sˤaxr/,
sak,basic,Mostly used as an honorific suffix,junior employee,,,,,,,,Cantonese,初級,co kap,/t͡sʰɔː⁵⁵ kʰɐp̚⁵/,
sakus,basic,the material,rubber/gum/resin/shellac/latex/plastic,,,,,,,,Turkish,sakız,,[s̟ɑ.kʰɯz̟],
sakuset,,,polyester/polyester fabric,,,,,,,,Orostara,sakus et,,,
sam,basic,,glue,adhere/stick,sticky,,,,,,Arabic,صمغ,ṣamḡ,/sˤamɣ/,
san,basic,,orange,,orange,,,color,,2,Cantonese,橙色,caang sik,/t͡sʰaːŋ³⁵ sɪk̚⁵/,
saox,basic,,morning/dawn,,,,,,,,Mandarin Chinese,早晨,Zǎochén,/t͡sɑʊ̯²¹⁴ ʈ͡ʂʰən⁴/,
sap,basic,,soap,wash/clean,clean,,,,,,Urdu,صاف,sāf,/sɑːf/,
sapar,basic,,cactus,,,,,plant/nature,,,Arabic,صبار,sabaar,/sˤbaːr/,
sapes,basic,,circumference ,,thick,,,measurement,,,Italian,spesso,,/ˈspes.so/,
sapos,,,bath,bathe,,,,,,,Orostara,sap hos,,,
saput,basic,,evidence/proof,prove,,,,measurement,,,Urdu,ثبوت,sabūt,/sə.buːt̪/,
sar,basic,can be used as an honorific suffic when you don't know what to call someone,person/individual,,,,,,,,Korean,사람,saram,[ˈsʰa̠(ː)ɾa̠m],
sarat,basic,,lizard,,,,,animal/nature,,,Marathi,सरडा,Saraḍā,/səɾəɖaː/,
saratapar,,,salamander,,,,,animal/nature,,,Orostara,sarat tapar,frog lizard,,
sarik,,,child/kid,,cute/childish,,,,,,Orostara,sar ik,,,
sariy,basic,,regret,I'm sorry/regret/apologize,,,,,,,English,sorry,,/ˈsɑɹ.i/,
sarpox,,,werecreature,,,,,fantasy,,,Orostara,sar pox,person animal,,
sarsis,,,society/institution,,,,,,,,Orostara,sar sis,Samāja,,
sas,basic,,breath/air/gas,breathe/evaporate/simmer/boil,airy,,,body,,68,Hindi,साँस,saans,/sɑ̃ːs/,
sasor,,,lung,,,,,body,,27,Orostara,sas or,air organ,,
sasrikit,,,fluid,flow,fluid,,,,,,Orostara,sas rikit,gas liquid,,
sat,basic,,iron,,,,,,,,Vietnamese,sắt,,[sat̚˧˦],
satan,basic,,strike/beat,hit/beat/strike/pound,,,,,,,Farsi,زدن,zadan,[zæ.d̪æn],
satun,basic,,robot,automate,automatic,automatically,,,,,Mandarin Chinese,自动,Zìdòng,/t͡sz̩⁵¹⁻⁵³ tʊŋ⁵¹/,
sax,basic,,thought/mind/opinion/idea,think/assume/contemplate/imagine/opine,thoughtful/contemplative/opinionated,thoughtfully/contemplatively,,,,,Mandarin Chinese,思想,Sīxiǎng,/sz̩⁵⁵ ɕi̯ɑŋ²¹⁴⁻²¹⁽⁴⁾/,
saxis,,,concept,conceptualize ,conceptually,,,,,,Orostara,sax sis,,,
saxor,,,brain,,,,,body,,9,Orostara,sax or,,,
saxun,slang,slang; short form for 'saxo kohun'; follow with a subordinate clause,,,,,I think that,,,,Orostara,sax hun,,,
say,slang,informal slang; short form,,sorry,,,,,,,Orostara,sariy,,,
sayun,slang,slang; short form for 'sariyo kohun'; follow with a subordinate clause,,,,,I'm sorry for ,,,,Orostara,say hun,,,
sek,basic,time marker particle/default time unit,time/moment/second,,,,for,measurement,,,English,second,,/ˈsɛk.(ə)nd/,
sekaxok,,,film/movie,film,,,,,,,Orostara,sek xok,,,
sekitix,,with a square base; named for the number of faces on the object,pyramid,,,,,shape,,,Orostara,sik tix,,,
sekun,,marks the time; indicates a dependent clause following,,,,,when,,,,Orostara,sek hun,,,
sen,basic,,center/middle/core,core,center/middle,,between/among/amongst,preposition,oth,,Spanish,centro,,/ˈsentɾo/,
senat,basic,,life/experience,live/experience,alive,lively,,,,,Farsi,زنده,zende,[zen̪.d̪é],
senatop,,,birth,birth,,,,,,,Orostara,senat op,life start,,
senyur,,,sun,,,,,space,,1,Orostara,sen yur,center star,,
sep,basic,,bait/lure,entice/lure/bait/tempt/taunt/bribe,tempting,,,,,,Spanish,cebo,,/ˈsebo/,
set,basic,,hundred,,100,,,number,,23,Portuguese,centena,,/sẽˈtɛnas/,
sex,basic,,seven,,7,,,number,,8,Portuguese,sete,,/ˈsɛ.t͡ʃi/,
asem,,for discrete times; 'ten weeks ago'; see 'xasem' for general times like 'in the last few weeks',next week,,,,,,,,Orostara,ak sem,,,
pasem,,for discrete times; 'ten weeks later'; see 'osem' for general times like 'in the next few weeks',last week,,,,,,,,Orostara,pas sem,,,
xasem,,for general times; 'in the last ten weeks'; see 'amin' for discrete times like 'ten weeks ago',past week,,,,,,,,Orostara,xan sem,,,
osem,,for general times; 'in the next ten weeks'; see 'pasem' for discrete times like 'ten weeks later',future week,,,,,,,,Orostara,ot sem,,,
sexin,,,septagon,,septagonal,,,shape,,,Orostara,sex hin,,,
sem,basic,,week,,weekly,,,measurement,,,Spanish,semana,/seˈmana/,,
si,slang,informal slang,ink,,,,(poetic) dark/black,,,,Orostara,siah,,,
siah,basic,,ink,print,inky/(poetic) dark/black,,,,,,Hindi,स्याही,syāhī,/sjɑː.ɦiː/,
sik,basic,,five,,5,,,number,,6,Portuguese,cinco,,/ˈsĩ.ku/,
sikat,basic,,brush,brush,,,,,,,Javanese,sikat,,[ˈsikat̚],
sikin,,named for the number of points on the shape,pentagon,,pentagonal,,,shape,,,Orostara,sik hin,,,
sim,basic,,appearance/resemblance/reflection,seem/appear/resemble/(symbolic) reflect,such/similar,so/such/similarly,like/as,,,,Spanish,similar,,/simiˈlaɾ/,
simun,,indicates a dependent clause following,,,,,like/as,,,,Orostara,sim hun,,,
sin,basic,,sign/symbol/representation/letter,signal/represent,symbolic,symbolically,,,,,Portuguese,sinal,,/siˈnaw/,
sinsar,,,representative,,,,,,,,Orostara,sin sar,,,
sip,basic,,sibling/sister/brother,,,,,,,,English,sibling,,/ˈsɪblɪŋ/,
sis,basic,,system,,systemic,,,,,,Spanish,sistema,,/sisˈtema/,
sisan,basic,time of year,season,,,,,,,,English,season,,/ˈsiː.zən/,
sit,basic,,truth/honesty,,true/real/actual/honest,truly/really/actually,,value,,,Cantonese,实际,sat zai,/sit̚³² tai³³/,
siuk,basic,,care/compassion/dedication,care,caring,,,value,,,Cantonese,照顾,ziu gu,/t͡siːu̯³³ kuː³³/,
six,basic,the economic concept,interest,,,,,economy,,,Mandarin Chinese,利息,zǐjīn,/t͡sz̩²¹⁴⁻²¹ t͡ɕin⁵⁵/,
siy,basic,,environment/nature,,natural/wild,naturally,,nature,,,Mandarin Chinese,自然,Zìrán,/t͡siː²² jiːn²¹/,
soah,,,,,,,wow,interjection,oth,,Orostara,sor,,[vɒːj],
son,basic,both the creature and the computer term,bug,,,,,animal/nature,,,Wu Chinese,蟲,zon,/zoŋ²³/,
sor,basic,interjection form for 'wow' is usually 'soah',surprise,surprise/shock/amaze,surprising/sudden/amazing,surprisingly,,,,,Spanish,sorpresa,,/soɾˈpɾesa/,
sorit,basic,,solid,freeze,solid/frozen,,,,,,Spanish,sólido,,/ˈsolido/,
sos,basic,,quest/search,search/seek,,,,,,,Mandarin Chinese,搜索,Sōusuǒ,/soʊ̯⁵⁵ su̯ɔ²¹⁴⁻²¹⁽⁴⁾/,
suan,basic,,acid,,acidic/sour,sourly,,food,adj,3,Mandarin Chinese,酸,Suān,/su̯än⁵⁵/,
suar,basic,,pig,,,,,animal/nature,,,Hindi,सूअर,suar,/suː.əɾ/,
suk,basic/slang,,sugar,,sweet/(colloquially) cute,sweetly,,food,,2,English,sugar,,/ˈʃʊɡɚ/,
sukrut,,,cake,,,,,food,,,Orostara,suk rut,,,
sun,basic,,repetition/pattern,repeat/copy/duplicate,repetitive,repetitively/again,,,,,Cantonese,重複,cung4 fuk1,/t͡sʰʊŋ²¹ fʊk̚⁵/,
sunot,,in terms of movement; return to here,,return,,,,,,,Orostara,sun ot,,,
sunxan,,in terms of movement; return to a place away from here ,,return,,,,,,,Orostara,sun xan,,,
sup,basic,,soup/stew,,,,,food,,,French,soupe,,/sup/,
super,basic,,,randomize,random,randomly,,,,,German,zufällig,,/ˈt͡suːfɛlɪç/,
sur,basic,,south,,south,south,,direction,adv,2,Spanish,sur,,/ˈsuɾ/,Proto-Germanic
Surameter,proper,the continent; 'ter' added for clarity; 'sud' replaced with 'xanup' for clarity,South America,,,,,continent,,,Spanish,Sudamérica,,/sudaˈmeɾika/,
sus,basic,,milk,,,,,body/food,,66,Javanese,susu,,[ˈsusu],
sut,basic,,speed/velocity,,fast/quick,,,measurement,,,Mandarin Chinese,速度,Sùdù,/su⁵¹⁻⁵³ tu⁵¹/,
Sutanmur,proper,'mur' added for clarity,Sudan/Republic of the Sudan,,,,,country,,,Arabic,السودان,as-Sūdān,/as.suː.daːn/,
Sutiyamur,proper,'mur' added for clarity,Saudi Arabia/Kingdom of Saudi Arabia,,,,,country,,,Arabic,السعودية,alsueudia,/as.su.ʕuː.dij.ja/,
sux,basic,,,stop/cease/prevent,,,,,,,Mandarin Chinese,阻止,Zǔzhǐ,/t͡su²¹⁴⁻³⁵ ʈ͡ʂʐ̩²¹⁴⁻²¹⁽⁴⁾/,
suxer,basic,,dirt/soil/earth,,dirty,,,nature,,,Portuguese,sujeira,,/suˈʒe(j).ɾɐ/,
tah,basic,,structure/building,construct/build,,,,,,,Wu Chinese,大厦,da-gho,/da²² ɦo⁴⁴/,
tahat,basic,,pie/dumpling/tart,,,,,,,,Portuguese,torta,,/ˈtɔʁ.tɐ/,
tahik,basic,,humor/laughter,laugh,funny/humorous,,,,,,Arabic,ضَحِك,ḍaḥik,/dˤa.ħik/,Arabic
tak,basic,,dog,,,,,animal/nature,,,English,dog,,/dɔɡ/,
takik,,,puppy/pup,,,,,animal/nature,,,Orostara,tak ik,,,
tam,basic,,break/interruption/pause,wait/pause/stop/interrupt/interject,,,,,,,Bangla,থামা,Thāmā,/tʰa.ma/,
Tamirtar,proper,'tar' added for clarity,Tamil,,,,,language,,,Tamil,தமிழ்,Tamiḻ,/t̪ɐmiɻ/,
tan,basic,,opposite,oppose,opposite/contrary,even/still/anyway,but/however/nevertheless/yet/against,,,,Mandarin Chinese,但,Dàn,/tän⁵¹/,
Tansaniamur,proper,'mur' added for clarity,Tanzania/United Republic of Tanzania,,,,,country,,,Swahili,Tanzania,,,
tantar,,,argument,argue/debate/fight,argumentative/fiesty,,,,,,Orostara,tan tar,,,
tantitam,,,accident ,,,,,,,,Orostara,tan titam,,,
tanun,,indicates a dependent clause following,,,,,though/in spite of/despite,,,,Orostara,tan hun,,,
tanxar,slang,meaner than 'naxar' but kinder than 'orp',idiot/dimwit,,stupid,,,,,,Orostara,tan xar,,,
Tanxonarox,proper,inspired by the Roman god of the discord ,Eris,,,,,space,,25,Orostara,tan xonar hox,,,
taox,basic,,blade/knife,,sharp/keen,,,,,,Mandarin Chinese,刀刃,Dāorèn,/tɑʊ̯⁵⁵ ʐən⁵¹/,
tap,basic,,crease/fold/pleat,crease/fold/tuck,,,,,,,Cantonese,疊,daap6,/taːp̚²/,
tapar,basic,,frog,,,,,animal/nature,,,Tamil,தவளை,Tavaḷai,/t̪ɐʋɐɭaɪ̯/,
tar,basic,,speech/language/communication/conversation/dialogue,talk/speak/say/tell/discuss,,,,,,,Portuguese,tratar,,/faˈla(ʁ)/,
tarak,basic,,dragon,,,,,fantasy,,,Portuguese,dragão,,/dɾaˈɡɐ̃w̃/,
taran,basic,,,stand,,,,,,,Bangla,দাঁড়ানো,dãṛanō,/d̪aɹano/,
tarat,basic,,pain,hurt/feel pain,painful,,,body,,,Punjabi,ਦਰਦ,Darada,/dərədə/,
tas,basic,,cough,cough,,,,body,,70,Portuguese,tosse,,/ˈtɔ.si/,
tat,basic,,,neutralize,neutral/bland,,,,,,Telugu,తటస్థ,Taṭastha,/taʈas.tʰʌ/,
tax,basic,,size,,big,,,measurement,,,Mandarin Chinese,大小,Dàxiǎo,/tä⁵¹ ɕi̯ɑʊ̯²¹⁴⁻²¹⁽⁴⁾/,
taxar,basic,,million,,1000000,,,number,,25,Bangla,দশলক্ষ,Daśalakṣa,/dɔʃɔlɔksɔ/,
tay,basic,,attitude/mood/vibe/personality,,,,,,,,Mandarin Chinese,态度,tàidù ,/tʰaɪ̯⁵¹⁻⁵³ tu⁵¹/,
Taymur,proper,'mur' added for clarity,Thailand,,,,,country,,,Thai,เมืองไทย,Meụ̄xng thịy,/tʰaj˧/,
taysis,,,culture,,,,,,,,Orostara,tay sis,,,
Tayxamur,proper,'land' replaced with 'mur' for clarity,Germany,,,,,country,,,German,Deutschland,,[ˈdɔʏ̯t͡ʃlant],
Tayxatar,proper,'tar' added for clarity,German,,,,,language,,,German,deutsch,,/dɔʏ̯t͡ʃ/,
ten,basic,,day,,,,,measurement,,,Russian,день,den',[dʲenʲ],
tenat,basic,,,you're welcome,,,,,,,Spanish,de nada,,/deɪ ˈnɑdə/,
tep,basic,,tape/strip/band/belt,,,,,,,,English,tape,,/teɪ̯p/,
ter,basic,,ground/land/continent,,,,,nature,,,Italian,terra,,/ˈtɛr.ra/,
terikus,slang,slang; kind of derogatory ,(colloquially) someone from Earth,,,,,,,,Orostara,ter kus,,,
Terox,proper,used by people on other planets,Earth,,,,,space,,11,Orostara,ter hox,,,
Terukutar,proper,'tar' added for clarity,Telugu,,,,,language,,,Telugu,తెలుగు,Telugu,/t̪eluɡu/,
tes,basic,,ten,,10,,,number,,11,Portuguese,dez,,/ˈdɛ(j)s/,
tesat,basic,,test/trial/experiment/assessment/exam/audition,assess/examine/test,,,,,,,Portuguese,teste,,/ˈtɛs.t͡ʃi/,
tesax,,,eighteen,,18,,,number,,19,Orostara,tes hax,,,
tesek,,,eleven,,11,,,number,,12,Orostara,tes ek,,,
tesex,,,seventeen,,17,,,number,,18,Orostara,tes sex,,,
tesik,,,fifteen,,15,,,number,,16,Orostara,tes sik,,,
tesnep,,,nineteen,,19,,,number,,20,Orostara,tes nep,,,
tespon,,,fourteen,,14,,,number,,15,Orostara,tes pon,,,
tesruk,,,sixteen,,16,,,number,,17,Orostara,tes ruk,,,
testin,,,thirteen,,13,,,number,,14,Orostara,tes tin,,,
testoy,,,twelve,,12,,,number,,13,Orostara,tes toy,,,
testoytix,,,dodecahedron,,,,,shape,,,Orostara,testoy tix,,,
tet,basic,specifically to touch with your finger(s),finger,touch,,,,body,,51,Spanish,dedo,,/ˈdedo/,
tien,basic,,electricity/power/watt,electricute/zap/shock,shocking/electric,shockingly,,,,,Mandarin Chinese,电,Diàn,/tiɛn²¹³/,
tik,,,princeling/prince/princess,,,,,fantasy,,,Orostara,tiy ik,,,
tin,basic,,three,,3,,,number,,4,Punjabi,ਤਿੰਨ,Tina,/t̪ɪn̪ːə̆/,
tinay,basic,,petroleum/fuel/gas/petrol/natural gas/gasoline,,,,,,,,Cantonese,電油,din6 jau4,/tiːn²² jɐu̯²¹/,
tinin,,named for the number of points on the shape,triangle,,triangular,,,shape,,,Orostara,tin hin,,,
tinintix,,,triangular prism/wedge,,,,,shape,,,Orostara,tinin tix,,,
tintix,,named for the number of faces on the object,cylinder,,cylindrical,,,shape,,,Orostara,tin tix,,,
tir,basic,,direction,direct,,,to/toward/at,direction/preposition,noun/oth,0,Spanish,dirección,,/diɾeɡˈsjon/,
Tirkaxetar,proper,'tar' added for clarity,Turkish,,,,,language,,,Turkish,Türkçe,,/ˈtyɾctʃe/,
Tirkiyemur,proper,'mur' added for clarity,Turkey/Republic of Turkey,,,,,country,,,Turkish,Türkiye,,/ˈtyɾ.ci.je/,
tirxas,basic,,entertainment,entertain/interest,interesting/engaging/entertaining ,,,,,,Hindi,दिलचस्प,dilachasp,/d̪ɪl.t͡ʃəsp/,
tis,basic,,,reduce/decrease/shrink,,,,,,,Spanish,disminuir,,/dismiˈnwiɾ/,
tisisan,,time of year,fall/autumn,,,,,,,,Orostara,tis sisan,,,
tit,basic,,degree/level/rank/grade/score/quality,rank/score/grade,quality,,,,,,Cantonese,秩,dit,/tiːt̚²/,
titam,basic,,plan/strategy/design/intention,prepare/plan/get ready/intend,strategic/ready,,,,,,Tamil,திட்டம்,Tiṭṭam,/t̪iʈːɐm/,
tix,basic,,volume/amount/limit/liter,,,,,measurement,,,Mandarin Chinese,体积,Tǐjī,/tʰi²¹⁴⁻²¹ t͡ɕi⁵⁵/,
tiy,basic,,monarch/emperor/king/queen/sovereign/god,,,,,fantasy,,,Mandarin Chinese,帝,dì,/ti²¹³/,
tok,basic,,danger/warning/threat,warn/caution/threaten,dangerous/(colloquially) scary/frightening,,,,,,Marathi,धोका,Dhōkā,/d̪ʱoka/,
tokar,basic,,surface/outside (of an object)/skin,touch/contact,,,against,preposition,oth,,Spanish,tocar,,/toˈkaɾ/,
tokarnit,,,sweat,,,,,,,,Orostara,tokar nit,,,
tokatay,,,,,scary/frightening,,,,,,Orostara,tok tay,,,
tokem,,,fear/fright/nerves,scare,scared/afraid/nervous,,,,,,Orostara,tok em,,,
tom,basic,,tail,,,,,body,,58,Farsi,دم,dom,[d̪om],
ton,basic,,east,,east,east,,direction,adv,3,Korean,동쪽,dongjjok,[to̞ŋt͡ɕ͈o̞k̚],
top,basic,,help/service/benefit,assist/serve,helpful,helpfully,for,preposition,oth,,Korean,돕다,dobda,[ˈto̞(ː)p̚t͈a̠],
topasar,,,assistant,,,,,,,,Orostara,top sar,,,
tor,basic,,storm,,,,,nature,,,Spanish,tormenta,,/toɾˈmenta/,
tos,basic,can be used as an honorific suffix,friend,befriend/tame/domesticate,friendly/tame/domesticated,,,,,,Urdu,دوست,dost,/d̪oːst̪/,
tox,basic,,attribute/feature/characteristic/trait/property,,,,,,,,Mandarin Chinese,特征,Tèzhēng,/tʰɤ⁵¹ ʈ͡ʂɤŋ⁵⁵/,
toy,basic,,two/second,,2/both,,,number,,3,Portuguese,dois,,/ˈdojs/,
toytes,,,twenty,,20,,,number,,21,Orostara,toy tes,,,
toytestix,,named for the number of faces on the object,icosahedron,,icosahedral,,,shape,,,Orostara,toytes tix,,,
toytix,,named for the number of faces on the object,cone,,conical,,,shape,,,Orostara,toy tix,,,
tu,basic,indicates an indirect object,,,,,to/on/for/from/with,,,,Orostara,?,,,
tuak,basic,,medicine/drug/pill,,,, ,,,,Vietnamese,thuốc,,[tʰuək̚˧˦],
tuakasar,,,doctor,,,,,,,,Orostara,tuak ren,medicine person,,
tuakat,,on Earth; see 'tuakrum' for Venus,hospital,,,,,,,,Orostara,tuak tah,medicine building,,
tuakrum,,,medbay,,,,,,,,Orostara,tuak rum,,,
tuan,basic,,approximation,guess,approximate,approximately/kind of/almost/nearly,,,,,Vietnamese,đoán,,[ʔɗwaːn˧˦],
tuhun,,indicates a dependent clause acting as the indirect object of the sentence ,,,,,,,,,Orostara,tu hun,,,
tuis,basic,,spiral/screw,twist/screw,spiraling,,,,,,English,twist,,/twɪst/,
tuk,basic,,merchandise/purchase/good,sell,,,,economy,,,Urdu,دکان,dukān,/dʊkan/,
tukas,,virtual,store/shop,,,,,,,,Orostara,tuk kas,,,
tukasis,,,commerce,exchange/trade,,,,,,,Orostara,tuk sis,,,
tukota,,on Earth; physical; see 'tukas' for vitual,shop/store,,,,,,,,Orostara,tuk tah,,,
tun,basic,,copper,,,,,,,,Mandarin Chinese,铜,tóng,/tʰʊŋ³⁵/,
tunx,basic,Mostly used as an honorific suffix,board member/member of the board of trustees,,,,,,,,Mandarin Chinese,董事,Dǒngshì,/tʊŋ²¹⁴⁻²¹ ʂʐ̩⁵¹/,
tup,basic,,tube/pipe/straw,,,,,,,,Portuguese,tubo,,/ˈtu.bu/,
tur,basic,pair with 'sek',duration,,during,,,,,,Spanish,durante,,/duˈɾante/,
tursek,,indicates a persistent timeframe; think 'over the past couple days' or 'during the meeting',,,,,,,,,Orostara,tur sek,,,
tursekun,,,,,,while/as/as long as,,,,,Orostara,tursek hun,,,
tus,basic,,teeth/tooth,bite,,,,body,,17,English,tooth,,/tuθ/,
tux,basic,,snow/ice,snow,,,,nature,,,Bangla,তুষার,Tuṣāra,/t̪uʃaɹ/,
uan,basic,,evening/dusk,,,,,,,,Mandarin Chinese,晚,Wǎn,/wän²¹⁴/,
uat,basic,,surrender,yield/surrender/give in/give up/concede,,,,,,,Cantonese,屈從,wat1 cung4,/wɐt̚⁵ t͡sʰʊŋ²¹/,
uek,basic,,consciousness,wake,awake/conscious,,,,,,English,wake,,/weɪk/,
uh,basic,Express realization or understanding,,,,,oh,interjection,oth,,Bangla,উহু,Uhu,/uhu/,
Ukantamur,proper,'mur' added for clarity,Uganda/Republic of Uganda,,,,,country,,,Swahili,Uganda,,,
Ukrayinmur,proper,'mur' added for clarity,Ukraine,,,,,country,,,Ukrainian,Україна,Ukrayina,[ʊkrɐˈjinɐ],
um,basic,,,,savory/umami,,,food,adj,5,Japanese,旨味,umami,[ɯ̟ᵝma̠mʲi],
Umsasimur,proper,'mur' added for clarity,South Africa/Republic of South Africa,,,,,country,,,Xhosa,Mzansi,,[úḿ̩z̥ǎ̤ːⁿtsi],
upr,basic,Mostly used as an honorific suffix,manager/director,,,,,,,,Russian,управлять,upravlyat,[ʊprɐˈvlʲætʲ],
ur,basic,,,invert/reverse/undo,,,,,,,Punjabi,उल्टा,Ulaṭā,/ʊləʈaː/,
uran,,,subtraction,subtract/remove,,,,,,,Orostara,ur an,,,
urapeh,,,,loosen,loose,,,,,,Orostara,ur apeh,,,
urat,,,loss,lose,lost,,,,,,Orostara,ur at,un get,,
urhek,,,vomit,vomit/throw up,,,,body,,67,Orostara,ur hek,,,
urmem,,,,forget,forgetful,,,,,,Orostara,ur mem,,,
urnit,,,,drain,,,,,,,Orostara,ur nit,,,
Urtutar,proper,'tar' added for clarity,Urdu,,,,,language,,,Urdu,اردو,,/ʊɾ.d̪uː/,
urxamkut,,,key,unlock,,,,,,,Orostara,ur xamkut,,,
us,basic,the direction of right (vs left),right,,right,right,,direction,adv,7,Marathi,उजवे,Ujavē,/ud͡z.ʋe/,
ut,basic,,north,,north,north,,direction,adv,1,Hindi,उत्तर,uttar,/ʊt̪.t̪əɾ/,Sanskrit
Utameter,proper,the continent; 'ter' added for clarity; 'North' replaced with 'nor',North America,,,,,continent,,,English,North America,,/ˌnɔː(ɹ)θ əˈmɛɹɪkə/,
utaper,,,shoulder,,,,,body,,45,Orostara,ut per,,,
utaxot,,,elbow,,,,,body,,48,Orostara,ut xot,,,
ux,basic,,grass/herb,,,,,plant/nature,,,Arabic,عشب,ʕušb,/ʕuʃb/,
x,slang,slang; informal,you/(temporally) then/(spacially) there,,your/yours/their/theirs,,,,,,Orostara,jeh,,,
xak,basic,,force/power/authority/newton,force/make/influence/coerce/enforce,forceful/powerful,forcefully/powerfully,,,,,Hindi,शक्ति,shakti,/ʃək.t̪iː/,
xakitay,,,confidence,,confident,confidently,,,,,Orostara,xak tay,,,
xam,basic,,top/lid/height,rise/raise/lift,high/tall,up,over/above,direction/measurement/preposition,adv/noun/oth,5,Vietnamese,chỏm,,[t͡ɕɔm˧˩],
xamet,,,jacket/coat,,,,,,,,Orostara,xam et,,,
xamin,,for general times; 'in the last ten minutes'; see 'amin' for discrete times like 'ten minutes ago',past minute,,,,,,,,Orostara,xan min,,,
xamkut,basic,,lock,lock,locked,,,,,,Korean,잠그다,jamgeuda,[t͡ɕa̠mɡɯda̠],
xamon,,for general times; 'in the last ten months'; see 'amon' for discrete times like 'ten months ago',past month,,,,,,,,Orostara,xan mon,,,
xamsisan,,time of year,summer,,,,,,,,Orostara,xam sisan,,,
xamtay,,,,,stuck up/snobish/superior,,,,,,Orostara,xam tay,,,
xan,basic,,(temporally) past/(physically) movement/motion/exercise,go/move/transport,(temporally) past,,,,,,Hindi,जाना,jaana,/d͡ʒɑː.nɑː/,
xanat,basic,,depth,drop/fall/dive,deep/profound,,,measurement,,,Mandarin Chinese,深度,Shēndù,/ʂən⁵⁵ tu⁵¹/,
xanien,,for general times; 'in the last ten years'; see 'anien' for discrete times like 'ten years ago',past year,,,,,,,,Orostara,xan nien,,,
xankux,,,history/story,,historic,,,,,,Orostara,xan katay,Lìshǐ,,
xaoh,basic,,diamond/crystal/gem/jewel,,,,,,,,Bangla,জওহর,joōhor,/dʑɔo̯ɦoɹ/,
xap,basic,,leg,kick,,,,body,,54,French,jambe,,/ʒɑ̃b/,
xapaxot,,,knee,,,,,body,,55,Orostara,xap xot,,,
xaper,,,hip,,,,,body,,53,Orostara,xap per,,,
xapet,,,pants,,,,,,,,Orostara,xap et,,,
xar,basic,,intelligence,,intelligent/smart ,smartly,,,,,Bangla,চালাক,calak,/tʃalak/,
xariet,,,dress/tunic,,,,,,,,Orostara,xarir et,,,
xarir,basic,,body,,,,,body,,0,Marathi,शरीर,Śarīra,/ɕə.ɾiɾ/,
xas,basic,,hour,,,,,measurement,,,Russian,час,chas,[t͡ɕas],
xasek,,for general times; 'in the last ten seconds'; see 'asek' for discrete times like 'ten seconds ago',past second,,,,,,,,Orostara,xan sek,,,
xat,basic,,shutdown/ending/finale,close/shut/turn off/finish/end/complete,closed/off/ended/finished/complete/done/final/last,finally,to (as in from here to there),preposition,oth,,English,shut,,/ʃʌt/,
xaten,,for general times; 'in the last ten days'; see 'aten' for discrete times like 'ten days ago',past day,,,,,,,,Orostara,xan ten,,,
Xauatar,proper,'tar' added for clarity,Javanese,,,,,language,,,Javanese,jawa,,/dʒɔ.wɔ/,
xaxas,,for general times; 'in the last ten hours'; see 'axas' for discrete times like 'ten hours ago',past hour,,,,,,,,Orostara,xan xas,,,
xay,basic,,duty/obligation/responsibility/liability,,dutiful/responsible/liable,,,value,,,Vietnamese,trách nhiệm,,[t͡ɕajk̟̚˧˦ ɲiəm˧˨ʔ],
Xayirmur,proper,'mur' added for clarity,Algeria/People's Democratic Republic of Algeria,,,,,country,,,Arabic,الجزائر,"al-Jazāʾir,",/(ɪ)d.dzaː.jir/,
xeh,basic,used to describe anything outside your bubble/circle of influence; the colloquial meaning is not direct possession,that/(temporally) then/(spacially) there,,that/(colloquially) your/their/his/her,,,,,,Bangla,যে,jē,/dʒe/,
xemak,,,,,,there,there,,,,Orostara,xeh mak,,,
xesar,,neural formal; use more specific honorifics when possible,you/he/she/them,,,,,,,,Orostara,xeh sar,,,
xian,basic,,sauce/paste/syrup,,,,,food,,,Mandarin Chinese,酱,Jiàng,/t͡ɕi̯ɑŋ⁵¹/,
xiep,basic,,,ensure/make sure/check/verify/guarantee,,of course/sure/certainly/surely/definitely,,,,,Mandarin Chinese,确保,Quèbǎo,/t͡ɕʰy̯ɛ⁵¹ pɑʊ̯²¹⁴⁻²¹⁽⁴⁾/,
xik,basic,,torso/stem,,,,,body,,21,Mandarin Chinese,躯干,Qūgàn,/t͡ɕʰy⁵⁵ kän⁵¹/,
xiket,,,shirt,,,,,,,,Orostara,xik et,,,
xin,basic,colloquial euphemism for sex; the same as English when you say 'I did them',action/activity/deed/behavior/(colloquially) sex,do/act/behave/happen/use/(colloquially) have sex with,active/useful,,with/using/through/by,preposition,oth,,Mandarin Chinese,行动,Xíngdòng,/ɕiŋ³⁵ tʊŋ⁵¹/,
xink,slang/swear,slang swear; might also be from the Spanish 'chinga',(exclamation) shit/fuck/(honorific) slut/fucker,fuck,fucking,,,,,,Orostara,xin ko,,/ˈt͡ʃinɡa/,
xiok,basic,,change/adjustment,change/adjust/alter/transform,changed/transformed,,,,,,Mandarin Chinese,改变,Gǎibiàn,/ɕi̯oʊ̯⁵⁵ kaɪ̯²¹⁴⁻²¹⁽⁴⁾/,
xiokasis,,,development/evolution,develop/evolve,developed,,,,,,Orostara,xiok sis,,,
xior,basic,,repair/correction,fix/correct/heal,fixed/correct,,,,,,Mandarin Chinese,修理,Xiūlǐ,/ɕi̯oʊ̯⁵⁵ li²¹⁴⁻²¹⁽⁴⁾/,
xip,basic,,flavor/taste,taste/lick,tasty/delicious,,,food,,0,Hindi,जीभ,jeebh,/d͡ʒiːbʱ/,
xipak,basic,,billion,,1000000000,,,number,,26,Korean,십억,sibeok,[ɕʰibʌ̹k̚],
xipor,,,tongue,,,,,body,,18,Orostara,xip or,,,
xipun,,,paragraph,,,,,,,,Orostara,xiy pun,,,
xir,basic,,white,,white,,,color,,8,Japanese,白,Shiro,[ɕiɾo̞],
xis,basic,,computer/machine/technology,engineer,technological,technologically,,,,,Wu Chinese,技術,jji-zeq,/d͡ʑi²² zəʔ⁴⁴/,
xit,basic/swear,also a swear; not very vulgar; akin to saying 'balls',hole/(colloquially) pussy/asshole (anatomical),dig/drill/puncture/stab,,,through,preposition,oth,,Marathi,छिद्र,Chidra,/tɕʰidɾə/,
xiy,basic,,writing/essay/book/article,write,written,,,,,,Mandarin Chinese,写,Xiě,/ɕi̯ɛ²¹⁴/,
xien,basic,,salt,,salty,,,food,,1,Mandarin Chinese,食盐,Shíyán,/ʂʐ̩³⁵ jɛn³⁵/,
Xienox,proper,inspired by the Roman goddess of salt water ,Salacia,,,,,space,,20,Orostara,xiyen ox,,,
xok,basic,,appearance/sight/image/picture,look/see/watch/notice/check/observe,,,,,,,Bangla,চোখ,Cōkha,/tɕokʰ/,
xokor,,,eye,,,,,body,,12,Orostara,xok or,,,
xon,basic,,order/series/list/arrangement/row/sequence,organize/sort/arrange,orderly,,,,,,Mandarin Chinese,整理,zhěnglǐ,/ʈ͡ʂɤŋ²¹⁴⁻³⁵ li²¹⁴⁻²¹⁽⁴⁾/,
xop,basic,,arm,throw/toss/launch,,,,body,,47,Mandarin Chinese,手臂,shǒubì,/ʂoʊ̯²¹⁴⁻²¹ pi⁵¹/,
xor,basic,,temperature/degree/warmth/heat,heat/warm,warm,,,measurement,,,Mandarin Chinese,热力,rèlì,/ʐɤ⁵¹⁻⁵³ li⁵¹/,
xot,basic,,joint/hinge,join,joined,,,body,,,Bangla,যৌথ,Yautha,/dʒoutʰ/,
xotakarim,,,conjunction,,,,,,,,Orostara,xot karim,join word,,
xu,,the x sound can be extended and the -u ending is optiona in speech; 'shhh' is said the same in English and Orostara and can also be written as 'x~~'; actually pronouncing it 'xu' is more like 'hush' or 'shush',,,,,shh/hush/shush,interjection,oth,,Mandarin Chinese/Hindi/English/Arabic,噓/चुप/shush/اشش,,,
xuek,basic,,fruit,,,,,food,,,Mandarin Chinese,水果,Shuǐguǒ,/ʂu̯eɪ̯²¹⁴⁻³⁵ ku̯ɔ²¹⁴⁻²¹⁽⁴⁾/,
xuey,basic,,tax,,,,,,,,Mandarin Chinese,税,Shuì,/ʂu̯eɪ̯⁵¹/,
xuk,basic,,sperm,,,,,body,,36,Hindi,शुक्राणु,shukraanu,/ʃʊk.ɾɑː.ɳuː/,
xuknit,,,semen,,,,,body,,64,Orostara,xuk nit,sperm water,,
xukor,,,testes,,,,,body,,35,Orostara,xuk or,sperm organ,,
xum,basic,,lip/lips,kiss,,,,body,,16,Urdu,چومنا,cūmnā,t͡ʃuːm.nɑː,
xun,basic,,,,important/precious/significant,,,,,,Mandarin Chinese,重要,Zhòngyào,/ʈ͡ʂʊŋ⁵¹⁻⁵³ jɑʊ̯⁵¹/,
xunan,basic,,choice/option/decision,choose/pick/decide/select,picky,,,,,,Hindi,चुनना,chunana,/t͡ʃʊn.nɑː/,
xunar,basic,,gravity,,,,,,,,Mandarin Chinese,重力,zhònglì,/ʈ͡ʂʊŋ⁵¹⁻⁵³ li⁵¹/,
Xunkuamur,proper,'mur' added for clarity,China/People's Republic of China,,,,,country,,,Mandarin Chinese,中国,Zhōngguó,/ʈ͡ʂʊŋ⁵⁵ ku̯ɔ³⁵/,
xup,basic,,jewel/jewelry/ornament/decoration/adornment,decorate,,,,,,,Mandarin Chinese,珠宝,Zhūbǎo,/ʈ͡ʂu⁵⁵ pɑʊ̯²¹⁴⁻²¹⁽⁴⁾/,
xur,basic,,exception,,exceptional,only/just,except/besides,preposition,oth,,Mandarin Chinese,除了,Chúle,/ʈ͡ʂʰu³⁵ lə³/,
xus,basic,,,cook/boil,,,,food,verb,0,Mandarin Chinese,厨子,Chúzi,/ʈ͡ʂʰu³⁵ d͡z̥z̩³/,
xut,basic,,subject/theme,,,,about,preposition,oth,,Mandarin Chinese,主题,Zhǔtí,/ʈ͡ʂu²¹⁴⁻²¹ tʰi³⁵/,
y,slang,slang; informal,I/me/(temporally) present/currently/now/(spacially) here,,my/mine,,,,,,Orostara,yeh,,,
yah,basic,the colloquial meaning is not direct possession. Just influence; under my or our influence,this/(temporally) present/currently/now/(spacially) here,,this/(colloquially) my/our,,,,,,Hindi,यह,yah,/jəɦ/,
yahak,,ex. 'Have you done it yet?',,,,already/yet,,,,,Orostara,yah ak,,,
Yahox,proper,directly translating to 'this planet' but meaning 'our planet'; used by people on  Earth,Earth,,,,,space,,11,Orostara,yah hox,this planet,,
yamak,,,,come here/be here,,here,here,,,,Orostara,yah mak,,,
Yamanmur,proper,'mur' added for clarity,Yemen/Republic of Yemen,,,,,country,,,Arabic,ٱلْيَمَن,alyaman,,
yasar,,neutral formal; use more specific honorifics when possible,I/me,,,,,,,,Orostara,yah sar,,,
yaten,,,today,,,,,,,,Orostara,yah ten,,,
yax,slang,informal slang,we/me and you,,our,,,,,,Orostara,y x,,,
Yaxouter,proper,the continent; 'ter' added for clarity,Europe/Asia/Eurasia,,,,,continent,,,Mandarin Chinese,亚洲,Yàzhōu,/jä⁵¹ ʈ͡ʂoʊ̯⁵⁵/,
Yayur,proper,directly translating to 'this star' but meaning 'our star',the Sun,,,,,space,,8,Orostara,yah yur,,,
yem,basic,,night,,,,,,,,Cantonese,夜晚,je6 maan5,/jɛː²² maːn¹³/,
yen,basic,,ring/torus/wheel/circle,,round,,,shape,,,Mandarin Chinese,圆,Yuán,/ɥɛn³⁵/,
Yenox,proper,literally means 'ring planet'; referencing the rings of saturn,Saturn,,,,,space,,15,Orostara,yen hox,,,
yep,basic,,load/freight/cargo/burden,carry/bring/convey/transport,,,,,,,Spanish,llevar,,/ʝeˈbaɾ/,
yer,basic,,yellow,,yellow,,,color,,3,English,yellow,,/ˈjɛl.oʊ/,
yet,basic,,book/article/paper,read,,,,,,,Mandarin Chinese,阅读,Yuèdú,/ɥɛ⁵¹ tu³⁵/,
yin,basic,,,allow/let/permit/tolerate/invite,,,,,,,Mandarin Chinese,允许,Yǔnxǔ,/yn²¹⁴⁻³⁵ ɕy²¹⁴⁻²¹⁽⁴⁾/,
yis,basic,,face,,,,,body,,12,Turkish,yüz,,/jyz/,
yiset,,,mask/cloth mask,,,,,,,,Orostara,yis et,,,
yisras,,full face mask; meant to conceal your face,mask,,,,,,,,Orostara,yis ras,,,
yit,basic,,mentruation/period,mentruate,,,,,,,Cantonese,月経,jyut6 ging1,/jyːt̚² kɪŋ⁵⁵/,
yix,basic,,probability/expectation/odds/frequency/rate,expect/predict,probable/likely/expected/common/general/regular/standard/usual/frequent/often,probably/commonly/generally/usually/frequently/often/regularly,,measurement,,,Mandarin Chinese,预计,Yùjì,/y⁵¹⁻⁵³ t͡ɕi⁵¹/,
yon,basic,,vulva,,,,,body,,37,Hindi,योनी,yonee,/joː.niː/,
yontup,,,vagina,,,,,body,,41,Orostara,yon tup,vulva tube,,
yor,basic,,tear,cry,,,,body,,61,Spanish,llorar,,/ʝoˈɾaɾ/,
yot,basic,to a medium degree,medium,,some/kind of/okay/fine/medium/mediocre,,,,,,Mandarin Chinese,有点,yǒudiǎn ,/joʊ̯²¹⁴⁻³⁵ ti̯ɑɻ²¹⁴⁻²¹⁽⁴⁾/,
yoy,basic,,grace,,graceful,,,,,,Mandarin Chinese,优雅,Yōuyǎ,/joʊ̯⁵⁵ jä²¹⁴⁻²¹⁽⁴⁾/,
yuk,basic,,itch,irritate/bother,itchy/irritating/bothersome/(slang) annoying,,,body,,,German,jucken,,/ˈjʊkən/,
yun,basic,,unit/element,,,,,measurement,,,English,unit,,/ˈjuː.nɪt/,
yur,basic,,star,,,,,space,,4,Turkish,yıldız,,/jɯɫ.ˈdɯz/,
yurkun,,,galaxy,,,,,space,,6,Orostara,yur kun,star group,,
yursis,,,solar system,,,,,space,,5,Orostara,yur sis,star system,,
yus,basic,,instrument/tool/equipment,use/play,equipped,,,,,,English,use,,/jus/,
opneh,,,vowel,,,,,,,,Orostara,op neh,,,
xatneh,,,consonant,,,,,,,,Orostara,xat neh,,,
ekaten,,also see 'Ronten',Monday,,,,,,,,Orostara,ek ten,,,
Ronten,proper,day of hatching; unclear etymology; might be for rebirth; start of new cycle,Monday,,,,,week,,1,Orostara,ron ten,,,
toyten,,also see 'Yorten',Tuesday,,,,,,,,Orostara,toy ten,,,
Yorten,proper,day of tears; unclear etymology; might be paired with Venus based on awful weather; or just cuz tuesdays suck,Tuesday,,,,,week,,2,Orostara,yor ten,,,
tinten,,also see 'Kosten',Wednesday,,,,,,,,Orostara,tin ten,,,
Kosten,proper,day of bone; unclear etymolog; might be paired with Mars based on a counterpart to blood; or cuz everyone's bone tired,Wednesday,,,,,week,,3,Orostara,kos ten,,,
ponten,,also see 'Sasten',Thursday,,,,,,,,Orostara,pon ten,,,
Sasten,proper,day of breath; unclear etymology; might be bc it's halfway through the week; a breath of fresh air,Thursday,,,,,week,,4,Orostara,sa sten,,,
sikaten,,also see 'Araten',Friday,,,,,,,,Orostara,sik ten,,,
Araten,proper,day of gold; unclear etymology; might be paired with Saturn and its rings; also it's usually payday,Friday,,,,,week,,5,Orostara,arat ten,,,
rukaten,,also see 'Rupaten',Saturday ,,,,,,,,Orostara,ruk ten,,,
Rupaten,proper,day of silver; unclear etymology; might be paired with Uranus and silver skies; or just meant to twin with 'araten',Saturday ,,,,,week,,6,Orostara,rup ten,,,
sexten,,also see 'Niten',Sunday ,,,,,,,,Orostara,sex ten,,,
Niten,proper,day of water; unclear etymology; might be based on Neptune and the ocean's waters; or just refreshing; only day off for a lot of us,Sunday ,,,,,week,,7,Orostara,nit ten,,,
xer,,,tiger/lion/leopard/big cat,,,,,,,,Hindi,शेर,śer,/ʃeːɾ/,
Piramon,proper,month of the cat,First Month/January,,,,,month,,1,Orostara,pir mon,,,
Raoxmon,proper,month of the mouse,Second Month/January/February,,,,,month,,2,Orostara,raox mon,,,
Kaymon,proper,month of the cow,Third Month/February/March,,,,,month,,3,Orostara,kay mon,,,
Xeramon,proper,month of the tiger,Fourth Month/March/April,,,,,month,,4,Orostara,raoh mon,,,
Karkoxmon,proper,month of the rabbit,Fifth Month/April/May,,,,,month,,5,Orostara,karkox mon,,,
Tarakmon,proper,month of the dragon,Sixth Month/May/June,,,,,month,,6,Orostara,tarak mon,,,
Orosmon,proper,month of the snake,Seventh Month/June/July,,,,,month,,7,Orostara,oros mon,,,
Asapmon,proper,month of the horse,Eight Month/July/August,,,,,month,,8,Orostara,asap mon,,,
Hanamon,proper,month of the goat,Ninth Month/August/September,,,,,month,,9,Orostara,hanam mon,,,
Makatmon,proper,month of the monkey,Tenth Month/September/October,,,,,month,,10,Orostara,makat mon,,,
Poymon,proper,month of the hen,Eleventh Month/October/November,,,,,month,,11,Orostara,poy mon,,,
Takmon,proper,month of the dog,Twelfth Month/November/December,,,,,month,,12,Orostara,tak mon,,,
Suaramon,proper,month of the pig,Thirteen Month/December,,,,,month,,13,Orostara,suar mon,,,
ekmon,,also called 'Raoxmon' on some parts of Earth,January,,,,,,,,Orostara,ek mon,,,
toymon,,also called 'Kaymon' on some parts of Earth,February,,,,,,,,Orostara,toy mon,,,
tinmon,,also called 'Raomon' on some parts of Earth,March,,,,,,,,Orostara,tin mon,,,
pomon,,also called 'Karkoxmon' on some parts of Earth,April,,,,,,,,Orostara,pon mon,,,
sikmon,,also called 'Tarakmon' on some parts of Earth,May,,,,,,,,Orostara,sik mon,,,
rukmon,,also called 'Orosmon' on some parts of Earth,June,,,,,,,,Orostara,ruk mon,,,
sexmon,,also called 'Asapmon' on some parts of Earth,July,,,,,,,,Orostara,sex mon,,,
haxmon,,also called 'Hanamon' on some parts of Earth,August,,,,,,,,Orostara,hax mon,,,
nepmon,,also called 'Makatmon' on some parts of Earth,September,,,,,,,,Orostara,nep mon,,,
tesmon,,also called 'Poymon' on some parts of Earth,October,,,,,,,,Orostara,tes mon,,,
tesekmon,,also called 'Takmon' on some parts of Earth,November,,,,,,,,Orostara,tesek mon,,,
testoymon,,also called 'Suarmon' on some parts of Earth,December,,,,,,,,Orostara,testoy mon,,,
satak,basic,,loyalty/commitment/dedication/allegiance/devotion,commit/dedicate,loyal,,,value,,,Turkish,sadakât,,/sɑdɑːkat/,
key,slang,hard to translate; starry eyed?; lovesick?; basically used for being lovingly obsessed with someone; puppy-like; not derogatory but a little demeaning sometimes,simp/sap,,gay,,,,,,English,gay,,,
xaman,basic,,honor/pride/integrity/prestige,,honorable/proud,,,value,,,Bangla,সম্মান,śomman,/ʃɔmːan/,
er,basic,,lake/enclosed body of water,,,,,nature,,,Tamil,ஏரி,ēri,/eːɾɪ/,
isun,,archaic; use ‘is’,,,,,if,,,,Orostara,is hun,,,
komun,,indicates a comparative dependent clause,,,,,than,,,,Orostara,kom hun,,,
