Pemtara,Type,Notes,Nouns,Verbs,Adjectives,Adverbs,Other,OtherType,RootLanguage,RLWord,RL Word Pronunciation
afas,basic,,phase,,,,,,Hindi,अवस्था,avastha
afon,basic,,invention,invent,inventive,inventively,,,French,inventer,
afsar,basic,,chance/opportunity,,,,,,Hindi,अवसर,avasar
ah,,,,,,,Yeah,,Pemtara,am,
ahop,basic,,ten,,10,,,,Korean,아홉,ahob
ahopek,,,eleven,,11,,,,Pemtara,ahop ek,
ahophaj,,,eighteen,,18,,,,Pemtara,ahop haj,
ahopjij,,,seventeen,,17,,,,Pemtara,ahop jij,
ahopruk,,,sixteen,,16,,,,Pemtara,ahop ruk,
ahopser,,,fourteen,,14,,,,Pemtara,ahop ser,
ahopsin,,,fifteen,,15,,,,Pemtara,ahop sin,
ahoptes,,,nineteen,,19,,,,Pemtara,ahop tes,
ahoptin,,,thirteen,,13,,,,Pemtara,ahop tin,
ahoptoy,,,twelve,,12,,,,Pemtara,ahop toy,
ahoptoytij,,,dodecahedron,,,,,,Pemtara,ahoptoy tij,
aj,basic,,,,good,,,,Hindi,अच्छा,achchha
ajir,basic,,,,urgent,urgently,,,Arabic,عاجل,eajil
ajok,,,beauty,decorate,pretty/beautiful,beatifully,,,Pemtara,aj jok,
ajtait,,,kindness,,nice/kind,,,,Pemtara,aj tait,
ak,basic,,,,,,beyond/next,preposition,Hindi,आगे,aage
akas,basic,,sky/weather,,,,,,Hindi,आकाश,aakaash
akasnit,,,rain,,,,,,Pemtara,akas nit,
akaspek,,,snow,,,,,,Pemtara,akas pek,
akat,basic,,,,hard/stiff/tough,,,,Hindi,अकड़न,akadan
akser,basic,,stock/share,,,,,,Russian,акции,ákcija
akten,,,tomorrow,,,,,,Pemtara,ak ten,
am,basic,,,,,,yes,,Tamil,ஆம்,Ām
amar,basic,romantic love only,romance,love,romantic ,romantically,,,Spanish,amar,
amus,basic,,joke/amusement,amuse/entertain ,amusing/entertaining/light-hearted,amusingly,,,French,amuser,
an,basic,,,,,,and,conjunction,English,and,
aner,basic,,ring/torus,,,,,,Portuguese,anel,
anfisan,basic,,exploration/journey/trip,explore/adventure,adventurous,adventurously,,,Hindi,अन्वेषण,anveshan
animar,basic,,animal,,animalistic,animalisticly,,,French,animal,
anjin,basic,,silence,silence,silent,silently,,,Mandarin Chinese,安静,Ānjìng
ankur,basic,,angle,angle,angular,angularly,,,English,angle,
anrasmak,basic,,deal,deal/bargain,,,,,Turkish,anlaşmak,
antat,basic,,,cross,,,across,preposition,Telugu,అంతటా,Antaṭā
anuk,basic,,score/grade,,,,,,Hindi,अंक,ank
apontar,basic,,,point/indicate/show,,,,,Portuguese,apontar,
apruf,basic,,,accept/admit/approve,acceptable,acceptably,,,English,approve,
apsorut,basic,,,,absolute,absolutely,,,English,absolute,
apur,basic,,cloud,,cloudy,,,,Persian,ابرها,abr
arak,basic,,difference,differ/vary,different/unique/varying,differently/uniquely,,,Hindi,अलग,alag
aram,basic,,comfort,comfort,comforting/comfortable,comfortably,,,Punjabi,ਆਰਾਮ,Ārāma
aref,basic,,limit,limit,limiting,,,,Tamil,அளவு,Aḷavu
aret,basic,,,,,already,,,English,already,
arj,slang/swear,,fuck,fuck,fucking,,,,Pemtara,arjin,
arjin,basic,,sex,have sex,sexual/hot,sexually,,,Arabic,الجنس,aljins
arkor,basic,,alcohol,,alcoholic,,,,Portuguese,álcool,
armon,basic,,harmony,,harmonic,harmonically,,,French,harmonie,
arojan,basic,,idea,ideate,,,,,Telugu,ఆలోచన,Ālōcana
aror,basic,,,,,,then,,French,alors,
arsa,basic,Honorific suffix,,,,,senior,,Persian,ارشد,aršad
artam,basic,,meaning,mean/signify ,meaningful/significant,meaningfully/significantly,,,Telugu,అర్థం,Arthaṁ
artamtir,basic,,representation,represent,,,,,Arabic,التمثيل,altamthil
artayan,basic,,finance,,financial,financially ,,,Bangla,অর্থায়ন,Arthāẏana
artek,basic,,,halve,half,,,,Bangla,অর্ধেক,Ardhēka
as,basic,,,,,,of/from/since,,Persian,از,az
asas,basic,,basis/foundation,,,,,,Persian,اساس,asâs
asrin,basic,,origin/source,,original,originally,,,Javanese,asline,
asukar,basic,,sugar,,sweet,sweetly,,,Portuguese,açúcar,
asun,basic,,problem/issue,cause a problem,problematic,,,,Spanish,asunto,
asur,basic,color,blue,,blue,,,,Spanish,azul,
atar,basic,,respect,respect,respectful,respectfully,,,Hindi,आदर,aadar
atikar,basic,,,officiate,official/formal,officially/formally,,,Tamil,அதிகாரி,Atikāri
atios,basic,,,bye/goodbye,,,,,Spanish,adiós,
atis,basic,,horse,,,,,,Turkish,atış,
atit,basic,marks past tense when paired with 'tik',past,,,,before,,Bangla,অতীত,Atīta
atkas,basic,,failure,fail,,,,,Russian,отказ,
aus,basic,,,,,,off,,German,aus,
ay,,,,,,,ow,,Pemtara,ayjo,
ayjo,,,,,,,ouch,,Cantonese,哎哟,aai jo
aynuk,basic,,ink,print,inky,,,,Hindi,आईएनके,aaeeenake
ayojan,basic,,event,,eventful,eventfully,,,Hindi,आयोजन,aayojan
efet,basic,,effect/result/outcome,affect,effective,effectively,else,,Italian,effetto,
eh,,,,,,,um/uh,,Pemtara,,
ek,basic,,one,,1,,,,Hindi,एक,ek
ekip,basic,,equipment,equip,equipped,,,,Spanish,equipo,
ektij,,named for the number of faces on the object,sphere/ball,,round,,,,Pemtara,ek tij,
emon,basic,,magnet,,magnetic,magnetically,,,French,aimant,
en,basic,,,,,,on/onto,,Spanish,en,
enten,basic,,understanding,understand,understandable/coherent,understandably,,,Spanish,entender,
erek,basic,,election,elect/vote,,,,,Spanish,electo,
erman,basic,,sibling,,,,,,Spanish,hermano,
esat,basic,,,,exact,exactly,,,Portuguese,exato,
esper,basic,,expectation,expect,expected,,,,Spanish,esperar,
espon,basic,,sponge,,spongy,,,,Portuguese,esponja,
esta,basic,Honorific suffix,,,,,intern,,Portuguese,estagiário,
estir,basic,,,stretch,taught/tight,tightly,,,Spanish,estirar,
etan,basic,,elevator,lift/carry/bring/convey,,,,,Telugu,ఎత్తండి,Ettaṇḍi
etat,basic,,age,,old,,,,Spanish,edad,
ey,basic,,,,,,hey,,Tamil,ஏய்,Ēy
fais,basic,,face,,,,,,English,face,
faj,basic,,reason,cause,,,because/through/with,,Urdu,وجہ,vajah
fajan,basic,,evolution ,evolve,evolved,,,,Mandarin Chinese,发展,Fāzhǎn
fakat,basic,,,,,just/only/merely,,,Persian,فقط,aqat
faktor,basic,,factor,factor in,,,,,German,Faktor,
fakuan,basic,,judge,judge,judgy ,,,,Mandarin Chinese,法官,Fǎguān
famen,basic,,valve,,,,,,Mandarin Chinese,阀门,Fámén
fan,basic,,fraction/decimal/part/section/piece,divide,,partly,per,,Vietnamese,phần,
fanhuy,basic,,,return,,,,,Mandarin Chinese,返回,Fǎnhuí
fankujik,,,crime,,criminal,criminally,,,Pemtara,fan kujik,against rule
fanmut,basic,,powder,powder,powdery,,,,Cantonese,粉末,fan mut
fansun,basic,,minute,,,,,,Cantonese,分钟,fan sung
fantuy,basic,,opposition,oppose,opposite,oppositely,against,,Mandarin Chinese,反对,Fǎnduì
fanyin,basic,,reaction/response,react/respond,reactive/responsive,responsively,,,Mandarin Chinese,反应,Fǎnyìng
far,basic,,lie/trick/forgery,lie/trick/fake,false/untrue/fake,falsely,,,Spanish,falso,
faram,basic,,week,,,,,,Tamil,வாரம்,Vāram
farsis,basic,,exercise,exercise,,,,,Urdu,ورزش,varziś
farus,basic,,phallus,,,,,,English,phallus,
fasien,basic,,discovery,discover/reveal/show/find out,,,,,Mandarin Chinese,发现,Fāxiàn
fasir,basic,,ease,ease,easy,easily,,,Spanish,fácil,
fason,basic,,mail,send,,,,,Mandarin Chinese,发送,Fāsòng
fay,basic,,,,,,wow,,Persian,Ÿàÿß€å,v√¢y
feij,basic,,bean,,,,,,Portuguese,feijão,
fekam,basic,,speed,,fast/quick,,,,Tamil,வேகம்,Vēkam
fer,basic,,sight,see/watch/notice/observe,observant,observantly,,,Spanish,ver,
feres,basic,,metal,,metallic,metallically,,,Persian,فلز,felez
ferkurik,basic,,,randomize,random,randomly,,,German,willkürlich,
fies,basic,,party,celebrate,,,,,Spanish,fiesta,
fifaram,basic,,detail,,detailed,,,,Tamil,விவரம்,Vivaram
fifir,basic,,life,live,alive,lively,,,Spanish,vivir,
fifit,basic,,diversity,diversify,diverse,diversely,,,Gujarati,વિવિધ,Vividha
fijir,basic,,electricity ,electricute/zap/shock,shocking/electrifying,shockingly,,,Gujarati,વીજળી,Vījaḷī
fik,basic,,entrance,enter/put in/include,inside,,in/into/throughout,,Punjabi,ਵਿੱਚ,Vica
fikar,basic,,thought/mind,think/assume/contemplate/imagine,thoughtful/contemplative,thoughtfully/contemplatively,,,Gujarati,વિચારો,
fikarorkan,,,brain,,,,,,Pemtara,fikar orkan,think organ
fikyapit,basic,,advertisement/ad,advertise,,,,,Hindi,विज्ञापन,vigyaapit
finan,basic,,hearing,hear,,,,,Telugu,వినండి,Vinaṇḍi
finar,basic,,finale,end,final/eventual/last,finally/eventually/at last,,,Portuguese,final,
fis,basic,,,,,,about,,Gujarati,વિશે,Viśē
fispot,basic,,explosion,explode,explosive,explosively,,,Hindi,विस्फोट,visphot
fisran,basic,,,rest/relax,relaxing,,,,Telugu,విశ్రాంతి,Viśrānti
fit,basic,,,,,,than,,Tamil,விட,Viṭa
fiyak,basic,,interpretation/translation,interpret/translate,,,,,Marathi,व्याख्या,Vyākhyā
fofrikat,basic,,involvement,involve,,,,,Russian,вовлекать,vovlekat'
fomit,basic,,,vomit/throw up,,,,,English,vomit,
fon,basic,,sewing,sew,,,,,Shanghainese,缝,von
fuk,basic,,air/gas,boil/evaporate/simmer,boiling,,,,Japanese,吹く,Fuku
fukay,basic,,cover/lid,cover,,,,,Mandarin Chinese,覆盖,Fùgài
fukorkan,,,lung,,,,,,Pemtara,fuk orkan,air organ
fuok,basic,,fire,burn,firey,,,,Italian,fuoco,
fur,basic,,flower,,flowery,,,,Hindi,फूल,phool
fus,basic,,boss/senior/top,,superior,,over/above/high,,Russian,выше,vyshe
fusison,,time of year,summer,,,,,,Pemtara,fus sison,
fustait,,,confidence,,confident,confidently,,,Pemtara,fus tait,
ha,basic,exclamation marker ,,,,,,particle ,Pemtara,ham,
haf,basic,,air/wind,airate,airy/windy,airily,,,Turkish,hava,
haj,basic,,eight,,8,,,,Japanese,八,hachi
hajhin,,named for the number of points on the shape,octagon,,octagonal,,,,Pemtara,haj hintuk,
Hajos,basic,,Neptune,,,,,,Pemtara,haj hos,8th planet
hajtij,,named for the number of faces on the object,diamond/octahedron,,,,,,Pemtara,haj tij,
hakik,basic,,truth/reality,,true/real/actual,truly/really/actually,,,Arabic,حقيقي,haqiqiun
ham,basic,,whole/(colloquially) everyone/everything,,all/every/entire/whole,completely/entirely,very,,Persian,همه,hame
hamasuh,,,,,hot/sweltering,,,,Pemtara,ham masuh,
hamiksuh,,,,,cold/freezing,,,,Pemtara,ham iksuh,
hamjak,,,everywhere,,,,,,Pemtara,ham jak,
hamnap,,,everyone,,,,,,Pemtara,ham nap,
hamtik,,,,,,,always,,Pemtara,ham tik,
han,basic,specifically to touch with your hand,hand,touch,,,,,English,hand,
hapsan,basic,,,fit/suit,fitting,fittingly,,,Cantonese,合身,hap san
har,basic,color,green,,green,,,,Hindi,हरा,hara
haraf,basic,,,shake/shiver/tremble,,,,,Gujarati,હલાવો,Halāvō
has,basic,,humor/laughter,laugh,funny/humorous,,,,Hindi,हास्य,haasy
hasar,basic,,thousand,,1000,,,,Hindi,हज़ार,hazaar
haten,basic,,development,develop,developed,,,,Japanese,発展,Hatten
hatsup,basic,,,launch/throw/toss,,,,,Japanese,発売,Hatsubai
hay,basic,,sea/ocean,,,,,,Mandarin Chinese,海,Hǎi
hayjan,basic,,wave,,,,,,Pemtara,hay jan,
haypuran,,,coast/shore/beach,,,,,,Pemtara,hay puran,
hek,basic,,meal/food,eat,,,,,Cantonese,吃,hek
hekorkan,,,stomach,,,,,,Pemtara,hek orkan,eat organ
hekrur,,,intestines,,,,,,Pemtara,hek rur,food tube
hera,slang,Affectionate honorific suffix that means 'someone I care about',,,,,,,Pemtara,erman,
herup,basic,,reptile/amphibian,,,,,,English,herp,
hesap,basic,,account,account,accountable,,,,Turkish,hesap,
hintuk,basic,,shape,form,shapely,,,,Vietnamese,hình thức,
hirom,basic,,,spread,,,,,Japanese,広める,Hiromeru
hiyak,basic,,hundred,,100,,,,Japanese,百,Hyaku
hojun,basic,,availability,,available,,,,Cantonese,可用,ho jung
hon,basic,,existence,be/exist/is/become,,,,,Punjabi,ਹੋਣਾ,Hōṇā
hos,basic,,planet/world,,,,,,Japanese,星,Hoshi
huanjin,basic,,environment/nature,,natural,naturally,,,Mandarin Chinese,环境,Huánjìng
huis,basic,color,gray,,grey,,,,Mandarin Chinese,灰色,Huīsè
huk,basic,,hook,hook,,,,,English,hook,
hupin,basic,,peace,,peaceful,peacefully,,,Mandarin Chinese,和平,Hépíng
husten,basic,,cough,cough,,,,,German,Husten,
if,basic,,,,,,if,,English,if,
ij,basic,,motivation/will/energy,motivate,motivational/motivating,motivationally,,,Marathi,इच्छा,Icchā
ijin,basic,,,,,,for/per,,Turkish,için,
ijkefur,,,excitement,excite,exciting,excitingly,,,Pemtara,ij kefur,
ik,basic,to a small degree,,,a little,less,,,Japanese,以下,Ika
ikam,,,,,least,,,,Pemtara,ik ham,
ikamar,,romantic crush,crush,crush,,,,,Pemtara,ik amar,
iketat,,,youth,,young,,,,Pemtara,ik etat,little age
ikfarus,,,clit/clitoris,,,,,,Pemtara,ik farus,little phallus
ikfekam,,,,,slow,slowly,,,Pemtara,ik fekam,little speed
ikfit,,,,,,,less than/(colloquially) worse than,,Pemtara,ik fit,
ikien,basic,,opinion,opine,opinionated,,,,Vietnamese,ý kiến,
ikjisun,,,,,small,,,,Pemtara,ik jisun,a little size
ikmasput,,,,,weak,weakly,,,Pemtara,ik masput,little strength
iknop,,,,,narrow,narrowly,,,Pemtara,ik nop,small width or a little width
ikos,,,dwarf planet,,,,,,Pemtara,ik hosa,little planet
ikpais,,,,,cheap,cheaply,,,Pemtara,ik pais,little money
ikpir,,,kitty/kitten,,,,,,Pemtara,ik pir,
iksatam,,,,,quiet/soft,quietly/softly,,,Pemtara,ik satam,little noise
iksios,,,,crack,,,,,Pemtara,ik sios,
iksuh,,,,chill,cool/cold,coolly/coldly,,,Pemtara,ik suh,
iksupes,,,,,thin,thinnly,,,Pemtara,ik supes,little circumference
iktak,,,puppy/pup,,,,,,Pemtara,ik tak,
iktur,,,,,near/close,closely,,,Pemtara,ik tur,small distance or a little distance
ikyuksek,,,,,short,,,,Pemtara,ik yuksek,
imper,basic,specifically for numbers (even vs odd),,,odd,,,,French,impair,
impos,basic,,tax,,,,,,Portuguese,imposto,
impur,basic,,impulse,,impulsive/reckless,impulsively/recklessly,,,Portuguese,impulso,
insan,basic,,human,,,,,,Hindi,इंसान,insaan
ip,basic,,cord/cable/wire/rope,,,,,,Turkish,ip,
iptukfat,,,vine,,,,,,Pemtara,ip tukfat,rope plant
ir,basic,,,,,,to/toward/until,,Turkish,ile,
irum,basic,,name,,,,,,Korean,이름,ileum
is,basic,,east,,east,east,,,English,east,
iter,basic,,,,,,xor/either,,English,or,
jafap,basic,,answer,answer/reply,,,,,Urdu,جواب,javāb
jak,basic,location marker particle,place/location/space,,,,,,Marathi,जागा,Jāgā
jakjan,basic,,,ensure/make sure,,certainly/surely,of course/sure,,Vietnamese,chắc chắn,
jam,basic,,leg,,,,,,French,jambe,
jamin,basic,,ground,,,,,,Gujarati,જમીન,Jamīna
jamkut,basic,,lock,,locked,,,,Korean,잠그다,jamgeuda
jamuran,basic,,fungus/mushroom,,,,,,Javanese,jamuran,
jan,basic,,movement/motion,go/come/move/transport/leave/exit/enter,,,,,Hindi,जाना,jaana
janar,basic,,window,,,,,,Bangla,জানলা,Jānalā
januj,basic,,vow,promise/swear,,,,,Javanese,janji,
jar,basic,,,climb/rise/ascend,,,up,,Urdu,چڑھنا,caṛhnā
jas,basic,,hour,,,,,,Russian,час,chas
jat,basic,,bush ,,,,,,Hindi,झाड़ी,jhaadee
jatap,basic,,attract/captivate,attraction,attractive/alluring,attractively,,,Arabic,جاذب,jaḏaba
je,slang,slang; informal,,,,,you,,Pemtara,jeh,
jeh,basic,,that,,,,,,Bangla,যে,Yē
jejak,,,,,,,there,,Pemtara,jeh jak,
jem,basic,,joy/enjoyment/fun/delight,like/enjoy/fond,happy/fun/enjoyable,happily,,,Gujarati,જેમ,Jēma
jen,basic,,degree/level,,,,,,Mandarin Chinese,程度,Chéngdù
jenap,,neural formal; use more specific honorifics when possible,you/he/she/them,,,,,,Pemtara,jeh nap,
jerun,basic,,wheel,,,,,,Mandarin Chinese,车轮,Chēlún
jet,basic/swear,also a swear; lowgrade like 'shit' or 'balls',hole,dig/drill,,,,,Hindi,छेद,chhed
jetan,basic,,consciousness,,conscious ,,,,Bangla,চেতনা,Cētanā
jiak,basic,,price/bill/invoice,charge,,,,,Mandarin Chinese,价格,Jiàgé
jiatin,basic,,family,,,,,,Mandarin Chinese,家庭,Jiātíng
jien,basic,,advice,advise/suggest/propose/recommend,advisable,,,,Mandarin Chinese,建议,Jiànyì
jies,basic,,explanation,explain,,,,,Mandarin Chinese,解释,Jiěshì
jij,basic,,seven,,7,,,,Shanghainese,七,qiq
jijhin,,named for the number of points on the shape,septagon,,septagonal,,,,Pemtara,jij hintuk,
Jijos,basic,,Uranus,,,,,,Pemtara,jij hos,7th planet
jikar,basic,,force,force/make,forceful,forcefully,,,Japanese,力,Chikara
jikuay,basic,,oddity,,strange/odd/weird/unexpected/abnormal,strangely/oddly,,,Mandarin Chinese,奇怪,Qíguài
jimkak,basic,,,,strict,strictly,,,Cantonese,严格,jim gaak
jimsok,basic,,,,serious,seriously,,,Cantonese,严肃,jim suk
jina,basic,Honorific suffix,,,,,manager,,Mandarin Chinese,经理,Jīnglǐ
jinaptait,,can be modified to jijentait or jiyentait if you want to specifically say 'jealous of you' or 'jealous of me',,,jealous,jealously,,,Pemtara,jiy nap tait,
jinjan,basic,,frequency/rate,,frequent/often,frequently/often,,,Mandarin Chinese,经常,Jīngcháng
jip,basic,,tongue,lick,,,,,Hindi,जीभ,jeebh
jipan,basic,,wing,,,,,,Mandarin Chinese,翅膀,Chìbǎng
jipjip,basic,,slime/goo,,sticky,,,,Urdu,چپچپا,cipcipā
jipun,basic,,basics,,fundamental/basic,fundamentally/basically,,,Mandarin Chinese,基本,Jīběn
jir,basic,,government,govern,governmental,,,,Mandarin Chinese,治理,Zhìlǐ
jis,basic,,continuation,continue,continuous/perpetual,continuously/perpetually,,,Mandarin Chinese,继续,Jìxù
jisej,basic,,technology,,technological,technologically,,,Shanghainese,技術,jji-zeq
jisun,basic,,size,,big,,,,Mandarin Chinese,尺寸,Chǐcùn
jit,basic,,,automate,automatic,automatically,,,Japanese,自動,Jidō
jitram,basic,,film/movie,film,,,,,Telugu,చిత్రం,Citraṁ
jiy,basic,,possession/property,have/possess/own,possessive,possessively,,,Mandarin Chinese,具有,Jùyǒu
jok,basic,,eye/sight/appearance,look/seem/appear,,seemingly,,,Bangla,চোখ,Cōkha
jokim,basic,,risk/bet,bet/gamble/wager,risky,,,,Hindi,जोखिम,jokhim
jot,basic,,,wait,,,,,Vietnamese,Chờ đợi,
joum,basic,,density,,thick/dense/viscous,,,,Mandarin Chinese,稠密,Chóumì
juaj,basic,,trap/container/box/cup/vessel,catch/contain,,,,,Mandarin Chinese,抓住,Zhuā zhù
jum,basic,,,dance,,,,,Korean,춤,chum
junan,basic,,choice/option/decision,choose/pick/decide ,picky,,,,Hindi,चुनना,chunana
junpey,basic,,preparation,prepare,ready,,,,Mandarin Chinese,准备,Zhǔnbèi
junren,basic,,adult,,mature,,,,Mandarin Chinese,成人,Chéngrén
jusa,basic,Honorific suffix,,,,,exec,,Mandarin Chinese,执行,Zhíxíng
kadim,basic,specifically to touch with your foot,foot,touch,,,,,Arabic,قدم,qudim
kafar,basic,,wish,want/desire,desireable,,,,Telugu,కావాలి,Kāvāli
kaik,basic,,approximation,guess,approximate,approximately,,,Mandarin Chinese,猜测,Cāicè
kaj,slang/swear,slang swear; very derogatory when used against someone,shit/garbage,kill/die/kill yourself,useless/stupid,,fuck,,Pemtara,kajar,
kajar,basic,,waste/trash/(polite) poop,,,,,,Gujarati,કચરો,Kacarō
kajrur,,,rectum,,,,,,Pemtara,kaj rur,waste tube
kak,basic/swear,also a swear; used like 'shit' but slightly less vulgar,excriment,poop,,,shit,,Spanish,caca,
kaket,basic,,surprise,surprise,surprising/sudden,surprisingly,,,Javanese,kaget,
kakjet,slang/swear,slang swear,asshole/shithole,,,,,,Pemtara,kak jet ,
kam,basic,,employment/job,employ/hire/work,,,,,Hindi,काम,kaam
kamin,basic,,path,,,,,,Spanish,camino,
kamjaka,,,office,,,,,,Pemtara,kam jaka,work place
kan,basic,listen and understand,ear,listen,,,,,Urdu,کان,kān
kanan,basic,,computer/calculator,compute/calculate,computational,computationally,,,Marathi,गणना,Gaṇanā
kanat,basic,,reflection,reflect,reflective,,,,Tamil,கண்ணாடி,Kaṇṇāṭi
kanatmuk,,,mirror,,,,,,Pemtara,kanat muka,reflect object
kansik,basic,color,orange,,orange,,,,Cantonese,橙色,caang sik
kap,basic,,ability/value,able/can,able,,,,Urdu,قابل,qābi
kaper,basic,,hair,,hairy,,,,Portuguese,cabelo,
kapes,basic,specifically to touch with your head,head,touch,,,,,Spanish,cabeza,
kar,basic,color,black,,black/dark,darkly,,,Bangla,কালো,Kālō
karim,basic,,word,,wordy,,,,Arabic,كلمة,kalima
karimkun,,,sentence/phrase/statement,,,,,,Pemtara,karim kun,
kas,basic,,,,,almost/nearly,,,Spanish,casi,
kasan,basic,,simulation/VR/virtual reality,simulate,virtual,,,,Korean,가상,gasang
kasmos,basic,,space/universe/cosmos,,,,,,English,cosmos,
kasorey,basic,,,check/verify,,,,,Tamil,காசோலை,Kācōlai
kat,basic,,cut,cut/slice,,,,,Bangla,কাটা,Kāṭā
katam,basic,,stamp,stamp,,,,,Arabic,ختم,khatam
katar,basic,,knot,tie,,,,,Tamil,కట్టాలి,Kaṭṭāli
kataray,basic,,command,command,,,,,Tamil,கட்டளை,Kaṭṭaḷai
katay,basic,,story/tale/fiction,narrate/tell tales,fictional,,,,Tamil,கதை,Katai
katik,basic,,,tighten,tight/secure,tightly/securely,,,Telugu,గట్టిగా,Gaṭṭigā
katit,basic,,tour,walk,,,,,Russian,ходить,khodit
kay,basic,,cow,,,,,,Urdu,گائے,gāe
kefur,basic,,feeling/emotion,feel/sense by emotion,emotional,,,,German,Gefühl,
keit,basic,,,,other,,,,Cantonese,其他,kei taa
kekon,basic,,marriage,marry,,,,,Japanese,結婚,kekkon
ken,basic,,root/basis,,,,,,Shanghainese,根,ken
kenen,basic,,probability,,probable/likely/probably,,,,Mandarin Chinese,可能,Kěnéng
ker,basic,,game,play a game,fun,,,,Hindi,खेल,khel
keyjuk,basic,,muscle,,muscular,,,,Cantonese,肌肉,gei juk
keynan,basic,,skill,,,,,,Cantonese,技能,gei nang
ki,basic,question maker,,,,,,particle,Pemtara,kiy,
ki,,indicates something is a question,,,,,,,Pemtara,kiy,
kif,basic,,gift/distribution,give/share/distribute,,,,,English,give,
kifaj,,,,,why,,why,,Pemtara,kiy faj,what reason
kiftait,,,generosity,,generous,,,,Pemtara,kif tait,
kijak,,,where,,,,,,Pemtara,kiy jak,what place
kimik,basic,,chemical,,,,,,Spanish,químico,
kimuk,,,which,,,,,,Pemtara,kiy muk,what thing
kin,basic,,economy,,,,,,Vietnamese,kinh tế,
kinap,,,who,,,,,,Pemtara,kiy nap,what person
kion,,,,,,,whatever,,Pemtara,kiy on ,what any
kirar,basic,,screw/spiral,twist,,,,,Spanish,girar,
kisey,,,,,how,,how,,Pemtara,kiy sey,what action
kisrot,basic,,acid,,acidic/sour,,,,Russian,кислота,kislota
kit,basic,,bug,,,,,,Hindi,कीड़ा,keeda
kitam,,,when,,,,,,Pemtara,kiy tam,what time
kiy,basic,,what,,,,,,Urdu,کیا,kya
kiyokay,basic,,industry,,industrial,,,,Japanese,業界,Gyōkai
koay,basic,,,,,,and-or,conjunction,Vietnamese,cô ấy,
koemur,basic,,monster,,,,,,Korean,괴물,goemul
koj,basic,,shell/case,shield/defend/guard/protect,safe/protected,,,,Shanghainese,壳,khoq
kojim,basic,,island,,,,,,Japanese,小島,Kojima
koka,basic,Honorific suffix,,,,,junior,,Cantonese,初級,co kap
kom,basic,,comparison,compare,comparable,,,,Russian,Комп,komp
komar,basic,,,,gentle/soft,,,,Punjabi,ਕੋਮਲ,Kōmala
kompan,basic,,company/business/firm,,,,,,English,company,
komun,basic,,,,common/general/regular/standard/usual,,,,Spanish,común,
kon,basic,,management,manage/control,,,,,Mandarin Chinese,控制,Kòngzhì
konek,basic,,connection/relation,connect/relate,,,,,Spanish,conectar,
konfiar,basic,,,entrust,,,,,Spanish,confiar,
konmin,basic,,intelligence,,intelligent/smart ,,,,Mandarin Chinese,聪明,Cōngmíng
konsep,basic,,concept,conceptualize ,,,,,Spanish,concepto,
kopiy,basic,,duplicate/clone,copy/multiply,same/identical/similar,,same/like/as/such as,,Spanish,Copiar,
koref,basic,,task,delegate,,,,,Turkish,görev,
korkey,basic,,policy,,,,,,Tamil,கொள்கை,Koḷkai
korkos,basic,,rabbit/bunny,,,,,,Bangla,খরগোশ,khôrgoś
korom,basic,,column,,,,,,English,column,
kos,basic,,bone,,,,,,Russian,кость,kost'
kot,basic,,,drop/fall,,,down,,Spanish,gota,
kotak,basic,,grid/chart,,,,,,Javanese,kothak,
koykok,basic,,,,foreign,,,,Cantonese,外國,ngoi gwok
kuan,basic,,administration,administrate,administrative,,,,Mandarin Chinese,管理,Guǎnlǐ
kuanjon,basic,,importance,,important,,,,Vietnamese,quan trọng,
kuj,basic,,,,some,,,,Punjabi,ਕੁੱਝ,Kujha
kujar,basic,,,crush/pulverize,crushing,,,,Hindi,कुचलना,kuchalana
kujik,basic,,rule/law,,,,,,Korean,규칙,gyuchig
kujiknap,,,lawyer,,,,,,Pemtara,kujik napa,law person
kumban,basic,,lip,kiss,,,,,Hindi,चुंबन,chumban
kun,basic,,group,,,,,,Japanese,群,gun
kunaman,basic,,quality,,,,,,Bangla,গুণমান,Guṇamāna
kuoj,basic,,,,international,,,,Mandarin Chinese,国际,Guójì
kup,basic,as in 'too much',,,,,too,,Bangla,খুব,Khuba
kuram,basic,,gram,,,,,,German,Gramm,
kuris,basic/slang,also slang for slick,lube,slip/slide,slippery,,,,French,glisser,
kurit,basic,general nonspecific touch,skin,touch,,,,,Javanese,kulit,
kurpay,basic,,,beg,,,please,,Hindi,कृपया,krpaya
kurtait,,,,embarrass,embarassed,,,,Pemtara,kurpay tait,
kurtur,basic,,culture,,,,,,Italian,cultura,
kurut,basic,,chest/breast,,,,,,Russian,грудь,grud'
kurutkos,,,sternum,,,,,,Pemtara,kurut kos,chest bone
kus,basic,,grass,,,,,,Japanese,草,kusa
kut,basic,,,,,,even,,Tamil,கூட,Kūṭa
kutaf,basic,,adjustment,adjust/change/alter/transform,,,,,Gujarati,ગોઠવો,Gōṭhavō
mafut,basic,no charge,,,free,,,,Urdu,مفت,muft
mahit,basic,,knowledge/fact/information,know/inform/identify/determine/recognize,,,,,Marathi,माहित,Māhita
mahitnap,,,expert,,,,,,Pemtara,mahit napa,knowledge person
mak,basic,,bar/rod/pole/stick,,,,,,Korean,막대,magdae
makat,basic,,monkey,,,,,,Marathi,माकड,Mākaḍa
mam,basic,,mammal,,,,,,Latin,mamma,
maniram,basic,,state,,,,,,Tamil,மாநிலம்,Mānilam
Mankar,basic,,Mars,,,,,,Bangla,মঙ্গল,Maṅgala
mapop,basic,,magic,,,,,,Korean,마법,mabeob
maprais,,,plane,,,,,,Pemtara,mapur rais,fly vehicle
mapur,basic,,flight,fly,,,,,Javanese,mabur,
mar,basic,,wound,hurt,,,,,Italian,Male,
maren,basic,,,,dry,,,,Korean,마른,maleun
markas,basic,,center/middle,,,,,,Arabic,مركز,markáz
maron,basic,color,brown,,,,,,Spanish,marrón,
marpit,basic,,commerce,exchange/trade,,,,,Telugu,మార్పిడి,Mārpiḍi
mas,basic,to a large degree,,,more/a lot/many/(colloquially) good,,,,Urdu,مزید,mazid
masam,,,,,most,,,,Pemtara,mas ham ,
masaojen,,,,,,,good morning,,Pemtara,mas saojen,
masekir,,,,chase/hunt,,,,,Pemtara,mas sekir,follow a lot (or very follow?)
masfit,,,,,,,more than/(colloquially) better than,,Pemtara,mas fit,
masfitait,,,,,stuck up/snobish,,,,Pemtara,masfit tait,
masin,basic,,machine,,,,,,French,machine,
masjan,,,,hurry,,,,,Pemtara,mas jan,go a lot
masjem,,,,love,,,,,Pemtara,mas jem,like a lot
maskatit,,,,run,,,,,Pemtara,mas katit,walk a lot/very
masnoj,,,,,,,good night/good evening,,Pemtara,mas noj,
maspater,,,,fight,,,,,Pemtara,mas pater,hit a lot
masput,basic,,strength,,strong/firm/stable,,,,Urdu,مضبوط,mazbūt
masuh,,,warmth,heat,warm,,,,Pemtara,mas suh,
mat,basic,,,,,,also/too,,Japanese,また,mata
mater,basic,,matter/stuff,,,,,,English,matter,
may,basic,,purchase,buy/spend/sell/afford/claim,affordable,,,,Mandarin Chinese,买,Mǎi
mayas,basic,,goat,,,,,,Arabic,معزة,maeaza
meik,basic,,,,each,,,,Mandarin Chinese,每个,Měi gè
memor,basic,,memory,memorize/remember,memorable,,,,Italian,memoria,
Merkur,basic,,Mercury,,,,,,French,Mercure,
mes,basic,,,,,,between/among,preposition,Russian,между,mezhdu
mesar,basic,,example,,,,,,Persian,مثال,mesâl
meta,basic,Honorific suffix,,,,,mid,,Spanish,medio,
metit,basic,,measurment,measure,,,,,Spanish,medida,
metot,basic,,method/technique,process,,,,,Spanish,método,
meyrik,basic,,charisma,charm,,,,,Cantonese,魅力,mei lik
mien,basic,,interview,,,,,,Mandarin Chinese,面试,Miànshì
min,basic,,democracy,,democratic,,,,Mandarin Chinese,民主,Mínzhǔ
minjon,basic,,,,public,,,,Mandarin Chinese,民众,Mínzhòng
minrin,basic,,order/series/arrangement,organize/sort/arrange,,,,,Shanghainese,命令,min lin
minsun,basic,,fame,,famous,,,,Mandarin Chinese,名声,Míngshēng
miper,basic,,furniture,,,,,,Russian,мебель,mebel
mira,slang,Affectionate honorific suffix that means 'someone I take care of',,,,,,,Pemtara,N/A,
miran,basic,,meeting,meet,,,,,Hindi,मिलना,milana
mirap,basic,,arch,curve/bend/flex,flexible,,,,Urdu,محراب,miḥrāb
mirion,basic,,million,,,,,,English,million,
mirkos,,,rib,,,,,,Pemtara,mirap kos,curve bone
mirkosfik,,,rib cage,,,,,,Pemtara,mirkos fik,rib container
misran,basic,,mixture/solution,mix,,,,,Bangla,‡¶Æ‡¶ø‡¶∂‡ßç‡¶∞‡¶£,Mi≈õra·πáa
mitar,basic,,meter,,,,,,Hindi,मीटर,meetar
miten,basic,,,have/borrow/rent,,,,,German,mieten,
mitiy,basic,,media,,,,,,English,media,
mm,,,,,,,Mmhm,,Pemtara,Am,Yes
mofan,basic,color,yellow,,,,,,Vietnamese,màu vàng,
mok,basic,,throat,swallow,,,,,Korean,목,mog
mokrur,,,esaphogus ,,,,,,Pemtara,mok rur,throat tube
montan,basic,,mountain,,,,,,Spanish,montaña,
mosuk,basic,,brain,,,,,,Russian,мозг,mozg
mot,basic,,death,die/kill,,,,,Hindi,मौत,maut
moter,basic,,pattern,,,,,,Italian,modello,
motmin,basic,,loner,,alone/solitary,,,,Vietnamese,một mình,
motsayir,,,poison/venom,,poisonous,,,,Pemtara,mot sayir,
motsinar,,,omen,,,,,,Pemtara,mot sinar,death sign
muas,basic,,,,parallel,,,,Arabic,موازي,muazi
muk,basic,,object/item/thing,,,,,,Vietnamese,mục,
muktik,basic,,purpose,,,,,,Vietnamese,mục đích,
mupan,basic,,board,,,,,,Mandarin Chinese,木板,Mùbǎn
mur,basic,,core,,,,,,Bangla,মূল,Mūla
murayir,basic,,corner,turn,,,,,Tamil,மூலையில்,Mūlaiyil
mutrak,basic,,,must/have to/need,,,,,Turkish,mutlak,
mutur,basic,,urine,pee,,,,,Marathi,मूत्र,Mūtra
na,basic,,,,not,,no,,Bangla,না,Nā
nafar,basic,,tape/strip/band/belt,,,,,,Persian,نوار,navâr
naij,,,,exhaust,tired/exhausted/weary,,,,Pemtara,na ij,
najan,basic,,,stop/freeze,still/motionless,motionlessly,,,Pemtara,na jan,
nakon,slang,slang insult and meaner than what it's derived from,dimwit,,stupid,,,,Pemtara,nakonmin,
nakonmin,,,,,unintelligent/stupid,,,,Pemtara,na konmin,
nakrat,basic,,reward,,,,,,Russian,награда,nagrada
nam,basic,,,,raw/crude/unprocessed,,,,Japanese,生,nama
namak,basic,,salt,,salty,,,,Urdu,نمک,namak
nansak,basic,,budget,,,,,,Vietnamese,ngân sách,
nap,basic,can be used as an honorific suffic when you don't know what to call someone,person,,,,person,,Tamil,நபர்,Napar
napaj,,pair with 'tik',,,,,never will,,Pemtara,na paj,
narin,basic,,,,delicate/fragile,,,,Turkish,narin,
naris,basic,,nose,sniff,,,,,Spanish,nariz,
narof,,,,,smooth,,,,Pemtara,na rof,no texture
naseytait,,,,,lazy,,,,Pemtara,na sey tait,no activity
nat,basic,,country/nation/federation,,federal,,,,Tamil,நாடு,Nāṭu
natik,,,,,,,never,,Pemtara,na tik,
natit,,pair with 'tik',,,,,never before,,Pemtara,na atit,
nay,basic,,,,new,,,,Hindi,नया,naya
nej,basic,,star,,,,,,Arabic,نجمة,najma
nejkun,,,galaxy,,,,,,Pemtara,nej kun,star group
nek,basic,,neck,,,,,,English,neck,
net,basic,,leader,lead/guide,,,,,Hindi,नेता,neta
nien,basic,,year,,,,,,Mandarin Chinese,年,Nián
niensikan,,time of year,season,,,,,,Pemtara,nien sikan,
nihao,basic,,,,,,hi/hello,,Mandarin Chinese,你好,Nǐ hǎo
nikaran,basic,,,remove,,,,,Hindi,निकालना,nikaalana
nikur,basic,,performance/show,perform/pretend/play,,,,,Tamil,நிகழ்த்து,Nikaḻttu
nikurnap,,,actor,,,,,,Pemtara,nikur napa,perform person
nirman,basic,,building,build,,,,,Hindi,निर्माण,nirmaan
nis,basic,,junior/bottom,,inferior,,under/below/beneath/low,preposition,Russian,ниже,nizhe
nisan,basic,,,mark,,,,,Hindi,निशान,nishaan
nisison,,time of year,winter,,,,,,Pemtara,nis sison,
nisjet,,,anus,,,,,,Pemtara,nis jet,bottom hole
niskefur,,,sadness/sorrow/depression,,sad/depressed,,,,Pemtara,nis kefur,
nistait,,,,,sad/sorrowful/depressing,,,,Pemtara,nis tait,low attitude
nit,basic,,water,,,,,,Telugu,నీటి,Nīṭi
noj,basic,,evening/night,,,,,,Spanish,noche,
nop,basic,,width,,wide,,,,Korean,너비,neobi
nukasan,basic,,,damage,,,,,Marathi,नुकसान,Nukasāna
numper,basic,,number/amount/quantity,,,,,,English,number,
nur,basic,,effort/attempt,try/attempt,,,,,Mandarin Chinese,努力,Nǔlì
oftus,basic,,sheep,,,,,,Russian,овца,ovtsa
oh,basic,,,,,,oh,,Mandarin Chinese,哦,Ó
ojar,basic,,instrument/tool,use,,,,,Hindi,औजार,aujaar
okey,basic,,,,,,okay/fine,,English,okay,
ompur,basic,,shoulder,,,,,,Portuguese,ombro,
on,basic,,,,,,any,,Korean,어느,[ʌ̹nɯ]
open,basic,,,open/turn on,,,,,English,open,
oput,basic,,experience,,,,,,Russian,опыт,opyt
orim,basic,,,crease/fold,,,,,Japanese,折り目,Orime
orkan,basic,,organ,,,,,,Spanish,Organo,
os,basic,,cloth/fabric,,,,,,Korean,옷,os
osat,basic,,medicine/drug,,,, ,,Marathi,औषध,Auṣadha
oser,basic,,,,particular/specific,,,,Turkish,özel,
ot,basic,,,get/attain/take/grab,,,,,Korean,얻다,eodda
otak,basic,,concentration,focus/concentrate,,,,,Turkish,odak,
oter,basic,,hotel,,,,,,Spanish,hotel,
otnak,basic,,,,,,however/though/nevertheless/still/yet,conjunction,Russian,однако,odnako
paen,basic,the direction of left (vs right),left,,,,,,Hindi,बाएं,baen
pahar,basic,,exit,leave/exit/exclude,outside,,out,preposition,Hindi,बाहर,baahar
paik,basic,,,,,,up,preposition,Telugu,పైకి,Paiki
pais,basic,,money/dollar/credit/payment,pay,rich/expensive,,,,Gujarati,પૈસા,Paisā
paisnap,,,accountant,,,,,,Pemtara,pais napa,money person
paj,basic,marks future tense when paired with 'tik',future,,,,after,preposition,Gujarati,પછી,પછી
pajay,basic,,,,,,instead,,Hindi,बजाय,bajaay
pakar,basic,,paragraph,,,,,,Gujarati,ફકરો,Phakarō
pakrum,basic,,step,,,,,,Gujarati,પગલું,Pagaluṁ
pam,basic,,,pump,,,,,English,pump,
pan,basic,,fruit,,,,,,Telugu,పండు,Paṇḍu
paner,basic,,needle,,,,,,Korean,바늘,baneul
pantar,basic,,storage/inventory/supply,store,,,,,Hindi,भंडार,bhandaar
pantay,basic,,,sneeze,,,,,Cantonese,喷嚏,pan tai
paoj,basic,,,keep,,,,,Mandarin Chinese,保持,Bǎochí
paotur,basic,,maintenance,maintain,,,,,Vietnamese,BẢO TRÌ,
para,slang,Affectionate honorific suffix that means 'someone who takes care of me',,,,,,,Pemtara,N/A,
parin,basic,,bird,,,,,,Urdu,پرندہ,parinda
parit,basic,,range/scale/spectrum,,,,,,Telugu,పరిధి,Paridhi
parnan,basic,,description ,describe,,,,,Bangla,বর্ণনা,Barṇanā
parton,basic,,,,,,excuse me/pardon me,,English,pardon,
pas,basic,base here is referring to a solution with a pH greater than neutral,base,,basic/bitter,,,,Spanish,base,
pasar,basic,,crop/harvest,,,,,,Bangla,ফসল,ফসল
pasit,basic,,,,simple,,,,Arabic,بسيط,basit
pastan,basic,,,,close/shut/turn off,,,,Persian,بستن,bastan
pat,basic,,obstacle ,block,,,,,Bangla,বাধা,Bādhā
patar,basic,,rock/stone,,,,,,Urdu,پتھر,patthar
pater,basic,,strike,hit/beat,,,,,Portuguese,bater,
patif,basic,,,record,,,,,Tamil,பதிவு,Pativu
patrak,basic,,plane/sheet,,,,,,Marathi,पत्रक,Patraka
paus,basic,,insurance,insure ,,,,,Shanghainese,保险,pau xi
pay,basic,,baby,,,,,,Javanese,bayi,
payorkan,,,uterus,,,,,,Pemtara,pay orkan,baby organ
peis,basic,,fish,,,,,,Portuguese,peixe,
pejan,basic,,back,retreat,,,behind/after/in back of,,Bangla,পেছনে,Pēchanē
pejankos,,,spine,,,,,,Pemtara,pejan kos,back bone
pejor,basic,,parent,,,,,,Tamil,பெற்றோர்,Peṟṟōr
pek,basic,,ice,,,,,,Javanese,beku,
pekun,basic,color,purple,,,,,,Bangla,বেগুনি,Bēguni
pem,basic,,snake,,,,,,Korean,뱀,baem
pep,basic,,,drink,,,,,Spanish,beber,
per,basic,,,,,,last/previous,,Hindi,पहले,pahale
perek,basic,,nail/tack,,,,,,Bangla,পেরেক,Pērēka
perfek,basic,,,,perfect/flawless,,,,Spanish,perfecto,
perten,,,yesterday,,,,,,Pemtara,per ten,
pet,basic,,tree,,,,,,Hindi,पेड़,ped
petan,basic,,,sit,,,,,Hindi,बैठना,baithana
petanmip,,,chair,,,,,,Pemtara,petan mipa,sit furniture
petkun,,,forest,,,,,,Pemtara,pet kun,tree group
peuj,basic,,spouse,,,,,,Korean,배우자,baeuja
pien,basic,,side/wall,,,,,,Mandarin Chinese,边,Biān
pij,basic,,seed,,,,,,Bangla,বীজ,Bīja
pijik,basic,,business,,busy,,,,Telugu,బిజీగా,Bijīgā
pimien,basic,,avoid,,,,,,Mandarin Chinese,避免,Bìmiǎn
pin,basic,,dot/point/spot,,,,,,Hindi,बिंदु,bindu
pinjan,basic,,flavor,taste,,,,,Mandarin Chinese,味道,Wèidào
pinjun,basic,,mean,normalize,average,,,,Mandarin Chinese,平均,Píngjūn
pintan,basic,,equality,equate,equal,,,,Vietnamese,bình đẳng,
pintar,basic,,paint,,,,,,Spanish,pintar,
pir,basic,,cat,,,,,,Hindi,बिल्ली,billee
pirim,basic,,science,,,,,,Turkish,bilim,
pirimnap,,,scientist,,,,,,Pemtara,pirim napa,science person
pispas,basic,,belief/trust,believe,believable/honest,,,,Bangla,বিশ্বাস,Biśbāsa
pitik,basic,,chicken,,,,,,Javanese,pitik,
piyur,basic,,ratio,,,,,,Korean,비율,biyul
pok,basic,,mouth,,,,,,Portuguese,boca,
pokjapan,basic,,,,complex/complicated,,,,Korean,복잡한,bogjabhan
pokos,basic,,,,few,,,,Spanish,pocos,
pom,basic,,toy,play with,,,,,Telugu,బొమ్మ,Bom'ma
pon,basic,,,lie down,,,,,Spanish,poner,
por,basic,,bridge,,,,,,Persian,پل,pol
poritik,basic,,politics,,political,,,,French,politique,
pos,basic,,model,pose,,,,,English,pose,
posak,basic,,clothing,dress/wear,,,,,Hindi,पोशाक,poshaak
posip,basic,,posibility,,possible,,maybe,,Spanish,posible,
positif,basic,,,,positive,,,,Spanish,positivo,
pot,basic,,contest/competition,compete,competitive ,,,,Telugu,పోటీ,Pōṭī
potaf,basic,,length,,long,,,,Telugu,పొడవు,Poḍavu
poter,basic,,,bother/irritate,,,,,English,bother,
potertait,,,,,annoying/irritating/bothersome,,,,Pemtara,poter tait,
pumak,basic,,paper,,,,,,Russian,бумага,bumaga
punsek,basic,,analysis/research,analyze/study/investigate,studious,,,,Japanese,分析,Bunseki
pur,basic,,,,bad,,,,Bangla,ਬੁਰਾ,Burā
puran,basic,,edge/border,,,,,,Bangla,প্রান্ত,Prānta
purar,basic,,,jump,,,,,Portuguese,pular,
purayok,basic,,experiment,,,,,,Hindi,प्रयोग,prayog
purotus,basic,,,yield/surrender/give in/give up/concede,,,,,Spanish,producir,
purtait,,,rage/anger/wrath,,angry/mad/grumpy/pissy,,,,Pemtara,pur tait,
putum,basic,,,,,,enough,,Tamil,போதும்,Pōtum
raf,basic,,adipose,,fat,,,,Telugu,లావు,Lāvu
rah,basic,,,stay/remain,,,,,Marathi,राहा,Rāhā
rain,basic,,line/row,,,,,,English,line,
rair,basic,,,birth,,,,,Javanese,lair,
rais,basic,,vehicle,drive,,,,,Vietnamese,lái xe,
rajan,basic,,structure,construct,,,,,Marathi,रचना,Racanā
rajasfar,basic,,mentruation/period,mentruate,,,,,Hindi,रजस्वला,rajasvala
rak,basic,,hug/cuddle,hold/embrace,,,,,Bangla,রাখা,Rākhā
rakar,basic,,wood,,,,,,Punjabi,ਲੱਕੜ,Lakaṛa
raktam,basic,,blood,bleed,bloody,,,,Telugu,రక్తం,Raktaṁ
raktamorkan,,,heart,,,,,,Pemtara,raktam orkan,blood organ
raktamur,,,artery/vein,,,,,,Pemtara,ratkam rur,blood tube
ram,basic,,branch,split,,,,,Spanish,rama,
ran,basic,,color/shade/tone,,colorful/vivid/saturated,,,,Bangla,রঙ,Raṅa
raos,basic,,mouse,,,,,,Mandarin Chinese,老鼠,Lǎoshǔ
rap,basic,,finding/discovery/quest,find/discover/search/seek,,,,,Punjabi,ਲੱਭੋ,Labhō
ras,basic,,secret,hide,,,,,Persian,راز,râz
rasit,basic,,receipt,,,,,,Hindi,रसीद,raseed
rastait,,,,,shy,,,,Pemtara,ras tait,
rasum,basic,,,,reasonable/rational/sensible,,,,Russian,разумный,razumnyy
rat,basic,,rat,,,,,,Spanish,rato,
ratakan,basic,,,hang,,,,,Punjabi,ਲਟਕਣਾ,Laṭakaṇā
rauan,basic,,door,,,,,,Javanese,lawang,
rehos,basic,,,go away,,,away,,Spanish,lejos,
rekin,basic,,,,,,but,conjunction,Hindi,लेकिन,lekin
resat,basic,,solution/answer/resolution,solve/resolve,,,,,Russian,решать,reshat
ret,basic,color,red,,,,,,English,red,
retsison,,time of year,fall/autumn,,,,,,Pemtara,retuir sison,
retuir,basic,,,reduce/decrease/shrink/subtract,,,,,French,réduire,
rey,basic,,class/category/genre,,,,,,Mandarin Chinese,类,Lèi
rian,basic,,grain,,,,,,Mandarin Chinese,粮食,Liángshí
riker,basic,,light,,bright,,,,Spanish,ligero,
rikit,basic,,theory,theorize/suspect/hypothesize,,,,,Hindi,लिखित,likhit
rin,basic,,zero,,,,,,Mandarin Chinese,零,Líng
rinhin,,named for the number of points on the shape,circle/oval,roll,,,,,Pemtara,rin hintuk,
rinhun,basic,,ghost/spirit/soul,,,,,,Mandarin Chinese,灵魂,Línghún
rioton,basic,,fluid,flow,,,,,Mandarin Chinese,流动,Liúdòng
riris,basic,,,release,free,,,,English,release,
rirun,basic,,profit,,,,,,Mandarin Chinese,利润,Lìrùn
ris,basic,,history/story,,historic,,,,Mandarin Chinese,历史,Lìshǐ
rit,basic,,liter,,,,,,Portuguese,litro,
ritum,basic,,rhythm,,,,,,English,rhythm,
riy,basic,the economic concept,interest,,,,,,Mandarin Chinese,利益,Lìyì
riyokin,basic,,cost,,,,,,Japanese,料金,Ryōkin
rof,basic,,texture,,rough/harsh,,,,English,rough,
rojer,basic,,house/lodge/home,dwell/reside/live/inhabit,,,,,French,loger,
rok,basic,,goal/achievement,achieve/reach,achievable ,,,,Bangla,লক্ষ্য,Lakṣya
rokan,basic,,oil,,,,,,Persian,روغن,rowğan
roran,basic,,concern,worry,,,,,Vietnamese,lo lắng,
rotur,basic,,,rip/tear,,,,,Spanish,rotura,
ruk,basic,,six/6,,,,,,Cantonese,六,luk
rukar,basic,,,put/place,,,,,Portuguese,lugar,
rukhin,,named for the number of points on the shape,hexagon,,,,,,Pemtara,ruk hintuk,
ruktij,,named for the number of faces on the object,cube/rectangular prism/box,,,,,,Pemtara,ruk tij,
rum,basic,,room,,,,,,Bangla,রুম,Ruma
run,basic,,moon,,,,,,Italian,luna,
rur,basic,,tube/pipe/straw,,,,,,Persian,لوله,lule
saf,basic,,soap,wash/clean,clean,,,,Hindi,साफ़,saaf
safik,,,bath,bathe,,,,,Pemtara,saf fik,
sahar,basic,,lizard,,,,,,Arabic,سحلية,sahalia
sajaf,basic,,,save/backup/store,,,,,Gujarati,સાચવો,Sācavō
sak,basic,,authority/power,enforce,powerful,,,,Hindi,शक्ति,shakti
saktan,basic,,creation/establishment,make/create/manufacture/establish,artificial,, ,,Persian,ساختن,sâxtan
samaj,basic,,society,,,,,,Marathi,समाज,Samāja
saman,basic,,front,,,,before/in front of,preposition,Bangla,সামনে,Sāmanē
sampur,basic,,sample,,,,,,English,sample,
samrap,basic,,,stand,,,,,Mandarin Chinese,站立,zaam laap
samtar,basic,,,,flat,,,,Hindi,समतल,samatal
sanjun,basic,,favor,,,,,,Mandarin Chinese,赞成,Zànchéng
sankit,basic,,music,,musical/lyrical,,,,Hindi,संगीत,sangeet
santes,basic,,message,text/dm,,,,,Marathi,संदेश,Sandēśa
santuran,basic,,,balance,,,,,Hindi,संतुलन,santulan
saojen,basic,,morning,,,,,,Mandarin Chinese,早晨,Zǎochén
Saomok,basic,,Jupiter,,,,,,Vietnamese,sao Mộc,
sap,basic,,frog,,,,,,Portugese,sapo,
sapak,basic,,scent/odor,smell,,,,,Russian,запах,zapakh
sapar,basic,,cactus,,,,,,Arabic,صبار,sabaar
sapin,basic,,,,independent,,,,Bangla,স্বাধীন,Sbādhīna
sapsahar,,,salamander,,,,,,Pemtara,sap sahar,frog lizard
saput,basic,,evidence/proof,prove,,,,,Urdu,ثبوت,sabūt
sar,basic,,month,,,,,,Arabic,شهر,shahr
saran,basic,,essence,,essentially ,,,,Bangla,সারাংশ,Sārānśa
sarfaj,basic,,,,wild,,,,Spanish,salvaje,
sarir,basic,,body,,,,,,Marathi,शरीर,Śarīra
sarman,basic,,shame/disgrace,,,,,,Persian,شرمندگی,šarmande
sas,basic,,breath,breathe,,,,,Hindi,साँस,saans
sasat,basic,,institution ,,,,,,Punjabi,ਸੰਸਥਾ,Sasathā
satam,basic,,noise/sound,,loud,,,,Tamil,சத்தம்,Cattam
satpeo,basic,,,,,,despite,,Bangla,সত্ত্বেও,Sattbē'ō
say,basic,,,,,,at,preposition,Mandarin Chinese,在,Zài
sayir,basic,,liquid,melt/condense,,,,,Arabic,سائل,sayil
sehan,basic,,,bear/stand/endure/last,,,,,Hindi,सहना,sahana
sej,basic,,design,,,,,,Mandarin Chinese,设计,Shèjì
sek,basic,,,cough,,,,,Japanese,咳,Seki
sekan,basic,,education/lesson/learning,teach/train/educate/learn/study/practice,,,,,Bangla,শেখান,Śēkhāna
sekanap,,,teacher,,,,,,Pemtara,sekan napa,education person
sekanjak,,,school,,,,,,Pemtara,sekan jaka,learn place
seker,basic,,,,fresh,,,,Javanese,seger,
sekinin,basic,,responsibility/liability,,responsible/liable,,,,Japanese,責任,Sekinin
sekir,basic,,,follow/track,,,,,Spanish,seguir,
sen,basic,,scene/stage/theater,,,,,,French,scène,
senjan,basic,,growth/addition/expansion,grow/increase/add/expand,,,,,Mandarin Chinese,生长,Shēngzhǎng
senkon,basic,,success/victory,succeed/win,,,,,Shanghainese,成功,zen-kon
sensin,basic,,application,apply,,,,,Mandarin Chinese,申请,Shēnqǐng
sensison,,time of year,spring,,,,,,Pemtara,senjan sison,
sentiy,basic,,,,physical/real,physically,,,Mandarin Chinese,身体,Shēntǐ
ser,basic,,four/4,,,,,,Shanghainese,四,sr
serhin,,named for the number of points on the shape,square/rectangle/diamond,,,,,,Pemtara,ser hintuk,
sertij,,named for the number of faces on the object,tetrahedron,,,,,,Pemtara,ser tij,
set,basic,,area/field/dimension,,,,,,Hindi,क्षेत्र,kṣétra
sey,basic,,action/activity,do/act/happen/use,active/useful,,with/using,,Tamil,செய்,Cey
sian,basic,,camera,,,,,,Mandarin Chinese,相机,Xiàngjī
sifan,basic,,west,,,,,,Mandarin Chinese,西方,Xīfāng
sijun,basic,,resource,,,,,,Cantonese,资源,zi jyun
sikat,basic,,,brush,,,,,Javanese,sikat,
sikoen,basic,,market,,,,,,Cantonese,市场,si coeng
sim,basic,,present,,current,,now,time,Turkish,Şimdi,
simin,basic,,mission,,,,,,Mandarin Chinese,使命,Shǐmìng
simten,,,today,,,,,,Pemtara,sim ten,
sin,basic,,five/5,,,,,,Portuguese,cinco,
sinar,basic,,sign/symbol,signal,,,,,Portuguese,sinal,
sinhin,,named for the number of points on the shape,pentagon,,,,,,Pemtara,sin hintuk,
sinkey,basic,,nerve,,,,,,Japanese,神経,Shinkei
sinroy,basic,,,regret/apologize/forgive,,,sorry,,Vietnamese,Xin lỗi,
sintij,,with a square base; named for the number of faces on the object,pyramid,,,,,,Pemtara,sin tij,
sior,basic,,repair/correction,fix/correct,,,,,Mandarin Chinese,修理,Xiūlǐ
sios,basic,,,break/destroy/demolish,,,,,Mandarin Chinese,休息,Xiūxí
sipok,basic,,billion,,,,,,Korean,십억,sibeok
sir,basic,color,white,,,,,,Japanese,白,Shiro
sirapur,basic,,syllable,,,,,,English,syllable,
sis,basic,,child,,childish,,,,Bangla,শিশু,Śiśu
sison,basic,time of year,season,,,,,,English,season,
siton,basic,,system,,,,,,Mandarin Chinese,系统,Xìtǒng
sivay,basic,,,,,,except/besides,,Hindi,सिवाय,sivaay
sompur,basic,,shadow,,,,,,Spanish,sombra,
son,basic,,weight/mass,,heavy,,,,Shanghainese,重,zon
sonris,basic,,smile,,,,,,Spanish,sonrisa,
sonton,basic,,,loosen,loose,,,,Mandarin Chinese,松动,Sōngdòng
sopirat,basic,,,collect,,,,,Russian,собирать,sobirat'
sor,basic,,sun,,,,,,Spanish,sol,
sorit,basic,,solid,freeze,solid/frozen,,,,Portuguese,sólido,
sorsiton,,,solar system,,,,,,Pemtara,sor siton,sun system
suakat,basic,,,welcome,,,,,Hindi,स्वागत,svaagat
suar,basic,,pig,,,,,,Hindi,सुअर,suar
suh,basic,,temperature,,,,,,Javanese,suhu,
suj,basic,,data,,,,,,Mandarin Chinese,数据,Shùjù
sujey,basic,,dirt/soil/earth,,dirty,,,,Portuguese,sujeira,
suk,basic,pair with 'paj' or 'atit',,,soon/recent,,,time,Japanese,すぐ,sugu
sukran,basic,,sperm,,,,,,Hindi,शुक्राणु,shukraanu
sukranit,,,semen,,,,,,Pemtara,sukran nit,sperm water
sukrorkan,,,testes,,,,,,Pemtara,sukran orkan,sperm organ
Sukur,basic,,Venus,,,,,,Hindi,शुक्र,shukr
sum,basic,,bag,,,,,,Russian,сумки,sumki
sunirtis,basic,,precision,,precise,,,,Bangla,সুনির্দিষ্ট,Sunirdiṣṭa
suof,basic,,,convince/assure/sweet talk,,,,,Mandarin Chinese,说服,Shuōfú
supasip,basic,,gratitude,thank,,,thanks/thank you,,Russian,Спасибо,Spasibo
supes,basic,,circumference ,,thick,,,,Italian,spesso,
sur,basic,,beginning,start/begin,,,,,Urdu,شروع,šurū'
suram,basic,,,care,,,,,Telugu,శ్రమ,Śrama
suren,basic,,,,private,,,,Mandarin Chinese,私人,Sīrén
surmek,basic,,,ride,,,,,Turkish,sürmek,
surop,basic,,slope/incline/tilt,,,,,,English,slope,
sus,basic,,,,familiar,,,,Mandarin Chinese,熟悉,Shúxī
suta,basic,Honorific suffix (all children are students),student,,,,student,,English,student,
sutay,basic,,subject/theme,,,,,,Japanese,主題,Shudai
suter,basic,,stem,,,,,,Italian,stelo,
sutir,basic,,style,,,,,,German,Stil,
sutram,basic,,principle,,,,,,Telugu,సూత్రం,Sūtraṁ
suy,basic,,,,,,so/therefore/thus,conjunction,Shanghainese,所以,su-i
taip,basic,,type/kind,,,,,,English,type,
tait,basic,,attitude/mood,,,,,,Mandarin Chinese,态度,Tàidù
tak,basic,,dog,,,,,,English,Dog,
takor,basic,,agreement,agree,,,,,Italian,d'accordo,
taksin,basic,,south,,,,,,Telugu,దక్షిణ,Dakṣiṇa
tam,basic,,brake/break,stop/pause,,,,,Bangla,থামা,Thāmā
tamak,basic,,egg,,,,,,Japanese,卵,Tamago
tamakorkan,,,ovary,,,,,,Pemtara,tamak orkan,egg organ
tamtor,basic,,,fill,full,,,,Turkish,tam dolu,
tan,basic,,teeth/tooth,bite,,,,,Hindi,दाँत,daant
tanhuan,basic,the mechanical device,spring,,,,,,Mandarin Chinese,弹簧,tánhuáng
tapan,basic,,,push/shove/pull,,,,,Gujarati,દબાણ,Dabāṇa
tar,basic,,speech/language/statement,talk/speak/say/tell,,,,,English,talk,
tarat,basic,,pain,hurt,painful,,,,Punjabi,ਦਰਦ,Darada
tarjih,basic,,preference,prefer/favor,favorite,,rather,,Urdu,ترجیح,tarjīh
taruk,basic,,argument,argue/debate/fight,argumentative/fiesty,,,,Bangla,তর্ক,Tarka
tat,basic,,element,,elemental,,,,Punjabi,ਤੱਤ,tata
tatas,basic,,,neutralize,neutral,,,,Telugu,తటస్థ,Taṭastha
tatuan,basic,,,interrupt/interject,,,,,Mandarin Chinese,打断,Dǎ duàn
tay,basic,,code,encode/encrypt,cryptic,,,,Mandarin Chinese,代码,Dàimǎ
tayfun,basic,,credit,grant a loan,,,,,Cantonese,贷款,taai fun
taysin,basic,,improvement,improve,,,,,Cantonese,提升,tai sing
tefin,basic,,definition,define,,,,,Spanish,definir,
tempak,basic,,projectile,shoot,,,,,Javanese,tembak,
ten,basic,,day,,,,,,Russian,день,den'
tepen,basic,,,depend/rely,,,,,Spanish,depender,
tepor,basic,,sport,,,,,,Spanish,deporte,
ter,basic,pair with 'paj' or 'atit',,,late/early,,,,Bangla,দেরী,Dērī
terej,basic,,,,straight,,,,Spanish,derecho,
teriker,basic,,disgust,,disgusting/nasty/distasteful,,,,German,der Ekel,
terin,basic,,,,clear,,,,Tamil,தெளிந்த,Teḷinta
tes,basic,,nine/9,,,,,,Arabic,تسع,tise
tesis,basic,,disease/illness,,ill,,,,English,disease,
tesut,basic,,test/trial,,,,,,Italian,test,
tet,basic,specifically to touch with your finger(s),finger,touch,,,,,Spanish,dedo,
teynun,basic,,debt,,,,,,Arabic,دَين,dayn
tian,basic,,attention,focus,attentive,,,,Punjabi,ਧਿਆਨ,Dhi'āna
tiar,basic,,second/moment,,,,,,Mandarin Chinese,第二,Dì èr
tiepkan,basic,,,approach,,,,,Vietnamese,tiếp cận,
tifisir,basic,,trouble/difficulty,,difficult/hard/tough,,,,Spanish,difícil,
tij,basic,,volume,,,,,,Mandarin Chinese,体积,Tǐjī
tik,basic,time marker particle,time,,,,,particle,English,tic,
tiket,basic,,ticket,,,,,,English,ticket,
tikon,basic,,offer,,,,,,Mandarin Chinese,提供,Tígōng
tiksun,basic,,,,sharp/keen,,,,Bangla,তীক্ষ্ণ,Tīkṣṇa
tim,basic,,team,,,,,,German,team,
tin,basic,,three/3,,,,,,Punjabi,ਤਿੰਨ,Tina
tinhin,,named for the number of points on the shape,triangle,,,,,,Pemtara,tin hintuk,
tinhintij,,,triangular prism,,,,,,Pemtara,tinhin tij,
tintij,,named for the number of faces on the object,cylinder,,,,,,Pemtara,tin tij,
tip,basic,,,,deep,,,,English,deep,
tiret,basic,,direction,direct,,,,,Italian,diretto,
tirjas,basic,,entertainment,entertain/interest,interesting/engaging/entertaining ,,,,Hindi,दिलचस्प,dilachasp
tiryat,basic,,loss,lose,,,,,Russian,терять,teryat'
titam,basic,,program/project,,,,,,Tamil,திட்டம்,Tiṭṭam
tiujin,basic,,challenge,,,,,,Cantonese,挑战,tiu zin
toj,basic,,,read,,,,,Shanghainese,读,doq
tok,basic,,danger,,scary/threatening/terrifying,,,,Marathi,धोका,Dhōkā
tokefur,,,fear/fright/nerves,scare,scared/afraid/nervous,,,,Pemtara,tok kefur,
toktait,,,,,scary/frightening,,,,Pemtara,tok tait,
tom,basic,,tail,,,,,,Persian,دم,dom
tomar,basic,,,,tame/domesticated,,,,Portuguese,domar,
ton,basic,can be used as an honorific suffix,partner,,,,partner,,Korean,동료,donglyo
top,basic,,help/service/benefit,assist/serve,,,,,Korean,돕다,dobda
tor,basic,,duty,,,,,,Russian,долг,dolg
tos,basic,can be used as an honorific suffix,friend,befriend,friendly,,,,Hindi,दोस्त,dost
toy,basic,,two/2,,,,,,Portuguese,dois,
toyahop,,,twenty/20,,,,,,Pemtara,toy ahop,
toyahoptij,,named for the number of faces on the object,icosahedron,,,,,,Pemtara,toyahop tij,
toytij,,named for the number of faces on the object,cone,,,,,,Pemtara,toy tij,
tuharaf,basic,,repetition,repeat,repetitive,,,,Hindi,दुहराव,duharaav
tujon,basic,,,dare,,,,,Korean,도전,dojeon
tukan,basic,,store,shop,,,,,Urdu,دکان,dukān
tukfat,basic,,plant,,,,,,Vietnamese,thực vật,
tun,basic,,tonne/ton,,,,,,Mandarin Chinese,吨,Dūn
tunrun,basic,,valley,,,,,,Vietnamese,hung lũng,
tupar,basic,,,,,,again,,Urdu,دوبارہ,dobâre
tur,basic,,distance,extend,far/distant,,,,Hindi,दूरी,dooree
turan,basic,,,,simultaneous/simultaneously,,during/while/as/as long as,time,Spanish,durante,
turum,basic,,condition/state/situation ,,conditional/situational,,,,Turkish,durum,
Tusin,basic,,Saturn,,,,,,Mandarin Chinese,土星,Tǔxīng
tut,basic,,,doubt,,,,,Spanish,duda,
tuy,basic,,darkness,,dark,,,,Italian,buio,
uanjan,basic,,,finish,complete,,,,Mandarin Chinese,完全,Wánquán
uek,basic,,,wake,,,,,English,wake,
uj,basic,,question,ask/invite,inquisitive ,,,,Urdu,پوچھنا,
ujaf,basic,the direction of right (vs left),right,,,,,,Marathi,उजवे,Ujavē
um,basic,particle to make a dependent clause,,,,,about/that,particle,German,um,
umam,basic,,,,savory/umami,,,,Japanese,うま味,umami
umut,basic,,hope,,,,,,Turkish,umut,
unar,basic,specific to physical feelings (touch),physical feeling/sensation,feel/sense,,,,,Tamil,உணர்வு,Uṇarvu
unaram,,,nerve,,,,,,Pemtara,unar ram,feel branch
unarsuter,,,spinal column,,,,,,Pemtara,unar suter,feel stem
unir,basic,,joint/hinge,join,,,,,Spanish,unirse,
upatan,basic,,material,,,,,,Bangla,উপাদান,Upādāna
urat,basic,,,invert/reverse/undo,,,,,Punjabi,ਉਲਟਾ,Ulaṭā
urmemor,,,,forget,forgetful,,,,Pemtara,urat memor,
urnit,,,,drain,,,,,Pemtara,urat nit,
uron,basic,,flaw/mistake/error,,wrong/incorrect,,,,English,wrong,
ut,basic,,arm,,,,,,Japanese,腕,Ude
utam,basic,,,,main,,,,Javanese,utama,
utar,basic,,north,,,,,,Hindi,उत्तर,uttar
yaf,basic,,key,,,,,,Spanish,llave,
yak,basic,,,,,,around,preposition,Korean,약,yag
yakis,basic,,,cheat/hack,,,,,Arabic,يغش,yaghish
yaktup,basic,,writing/essay/book/article,write,,,,,Arabic,يكتب,yaktub
yanam,basic,,,sleep,sleepy/tired,,,,Arabic,ينام,yanam
yanfikar,,,,dream,,,,,Pemtara,yanam fikar,
yarsam,basic,,drawing,draw,,,,,Arabic,يرسم,yarsam
yat,basic,,list,,,,,,Marathi,यादी,Yādī
ye,slang,slang; informal,,,,,I/me,,Pemtara,yeh,
yeh,basic,,this,,,,,,Hindi,यह,yah
yejak,,,,come here/be here,,,here,,Pemtara,yeh jak,
yenap,,neutral formal; use more specific honorifics when possible,I/me,,,,,,Pemtara,yeh nap,
yenar,basic,,,fill,,,,,Spanish,llenar,
yes,basic,,leaf,,,,,,Mandarin Chinese,叶子,Yèzi
yetruk,basic,,,allow/let,,,,,Arabic,يترك,yatrak
yis,basic,,art,,artistic,,,,Mandarin Chinese,艺术,yìshù
yisnap,,,artist,,,,,,Pemtara,yis napa,art person
yitay,basic,,generation,,,,,,Mandarin Chinese,一代,Yīdài
yonhun,basic,,,,permanent,,forever,,Mandarin Chinese,永恒,Yǒnghéng
yonirur,,,vagina,,,,,,Pemtara,yoniy rur,vulva tube
yoniy,basic,,vulva,,,,,,Hindi,योनी,yonee
yop,basic,,,,,,by/beside/with,preposition,Korean,옆에,yeop-e
yor,basic,,tear,cry,,,,,Spanish,llorar,
youj,basic,,,,especially/particularly ,,,,Mandarin Chinese,尤其,Yóuqí
yuh,basic,,health,heal,,,,,Mandarin Chinese,愈合,Yùhé
yujak,,,hospital,,,,,,Pemtara,yuh jaka,health place
yukat,basic,,plan/strategy,,,,,,Arabic,يخطط,yukhatat
yuksek,basic,,height,rise,high/tall,,,,Turkish,yüksek,
yun,basic,,luck/chance,,lucky,,,,Mandarin Chinese,运气,Yùnqì
yunap,,,doctor,,,,,,Pemtara,yuh napa,heal person
yunet,basic,,unit,,,,,,English,unit,